text_hash	community_id	community	row_multiplicity	distinct_authors_in_group	author_ids	max_score	tier	lead_type	buyer_type	example_message_id	example_lead_id	example_url	earliest_message_date	latest_ingested_at	script_class	text_preview	text_full
db0ef58a65859e5a00fbf1e7d0fef3a0	109	@bitunixglobal	75	8	{102963,182827,182833,182834,182836,182842,182844,183896}	100	HIGH	TRADING_SYSTEM_CONTRACT	CLIENT	8194701	1007	https://t.me/bitunixglobal/780192	2026-02-15 19:01:40+00	2026-09-15 20:24:50.524924+00	LATIN_SCRIPT	🚀 Futures Grid PnL Challenge is LIVE! |  | 🔥 Try your hand at Futures Grid and get rewarded for participation and performance! |  | 💡 How to Join | 1️⃣ Create any Futures Grid bot during the challenge period | 2️⃣ Let it run at any time within the challenge window | 3️⃣ Before the challenge ends, share your bot’s PnL in the community with #GridPnL |  | 🔗 Learn more about Futures Grid: https://bitunix.com/p/9S9g |  | 🎯 Leaderboard & Rewards | ❇️ Top 3 PnL % performers → 20 USDT Futures Bonus each	🚀 Futures Grid PnL Challenge is LIVE! |  | 🔥 Try your hand at Futures Grid and get rewarded for participation and performance! |  | 💡 How to Join | 1️⃣ Create any Futures Grid bot during the challenge period | 2️⃣ Let it run at any time within the challenge window | 3️⃣ Before the challenge ends, share your bot’s PnL in the community with #GridPnL |  | 🔗 Learn more about Futures Grid: https://bitunix.com/p/9S9g |  | 🎯 Leaderboard & Rewards | ❇️ Top 3 PnL % performers → 20 USDT Futures Bonus each | ❇️ 7 Random Winners → 10 USDT Futures Bonus each |  | 📝 Rules | ❇️Use any Futures Grid bot (any pair, any settings, any leverage) | ❇️Keep it fun, safe, and educational! |  | ⏰ Ends Feb 25th |  | 🔥 Don’t miss out. Set up your grid and join the fun!
d679a97c7babeae5eb892dd463db8dce	109	@bitunixglobal	9	5	{102963,182827,182833,182842,183896}	100	HIGH	TRADING_SYSTEM_CONTRACT	CLIENT	8197263	1081	https://t.me/bitunixglobal/780200	2026-02-15 19:34:21+00	2026-09-15 20:24:50.488111+00	LATIN_SCRIPT	🚀 Futures Grid PnL Challenge is LIVE! |  | 🔥 Try your hand at Futures Grid and get rewarded for participation and performance! |  | 💡 How to Join | 1️⃣ Create any Futures Grid bot during the challenge period | 2️⃣ Let it run at any time within the challenge window | 3️⃣ Before the challenge ends, share your bot’s PnL in the community (TG) |  | 🔗 Learn more about Futures Grid: https://bitunix.com/p/9S9g |  | 🎯 Leaderboard & Rewards | ❇️ Top 3 PnL % performers → 20 USDT Futures Bonus each | ❇️ 7 R	🚀 Futures Grid PnL Challenge is LIVE! |  | 🔥 Try your hand at Futures Grid and get rewarded for participation and performance! |  | 💡 How to Join | 1️⃣ Create any Futures Grid bot during the challenge period | 2️⃣ Let it run at any time within the challenge window | 3️⃣ Before the challenge ends, share your bot’s PnL in the community (TG) |  | 🔗 Learn more about Futures Grid: https://bitunix.com/p/9S9g |  | 🎯 Leaderboard & Rewards | ❇️ Top 3 PnL % performers → 20 USDT Futures Bonus each | ❇️ 7 Random Winners → 10 USDT Futures Bonus each |  | 📝 Rules | ❇️Use any Futures Grid bot (any pair, any settings, any leverage) | ❇️Keep it fun, safe, and educational! |  | ⏰ Ends Feb 25th |  | 🔥 Don’t miss out. Set up your grid and join the fun!
8c2c2de7fe2a2e62ebdbf75dd7b8d225	109	@bitunixglobal	4	3	{182827,182833,182844}	97	HIGH	TRADING_SYSTEM_CONTRACT	CLIENT	8122296	1002	https://t.me/bitunixglobal/891683	2026-08-13 13:46:29+00	2026-09-15 20:11:03.746379+00	LATIN_SCRIPT	Bitunix Explained 👍 |  | Another guide we just had to share with the community! ❤️ |  | Want to automate your futures trades and target volatility without manually placing every order? 👀 |  | Futures Grid Bot lets you define a trading range and automatically place buy/sell orders across multiple price levels. |  | ℹ️ How it works: | 1️⃣ Select your futures pair | 2️⃣ Set the upper & lower price range | 3️⃣ Choose your grid levels | 4️⃣ Set your investment + leverage | 5️⃣ Review & launch the bot	Bitunix Explained 👍 |  | Another guide we just had to share with the community! ❤️ |  | Want to automate your futures trades and target volatility without manually placing every order? 👀 |  | Futures Grid Bot lets you define a trading range and automatically place buy/sell orders across multiple price levels. |  | ℹ️ How it works: | 1️⃣ Select your futures pair | 2️⃣ Set the upper & lower price range | 3️⃣ Choose your grid levels | 4️⃣ Set your investment + leverage | 5️⃣ Review & launch the bot |  | 📌 Why traders use it: | Capture repeated price swings within a defined range while reducing the need to constantly monitor the market. 👍 |  | 📍 Trader note: Grid bots work best when price stays within the range. A strong breakout or sustained trend can lead to losses, and leverage increases risk. |  | 🔗 Check the tutorial above ➡️ Give it a go 👍
f7521718817b33f404288ff66241bf77	107	@BloFin_Official	4	2	{123262,181944}	95	HIGH	TRADING_SYSTEM_CONTRACT	CLIENT	8077790	997	https://t.me/BloFin_Official/269772	2026-06-23 12:47:32+00	2026-09-15 20:03:01.094332+00	LATIN_SCRIPT	Our latest BloFin Build brings TWAP orders to the spotlight. |  | TWAP automatically splits large orders into smaller executions over time, helping traders reduce market impact and minimize slippage. |  | Let the algorithm handle execution, while you focus on strategy.	Our latest BloFin Build brings TWAP orders to the spotlight. |  | TWAP automatically splits large orders into smaller executions over time, helping traders reduce market impact and minimize slippage. |  | Let the algorithm handle execution, while you focus on strategy.
dfba6abc0107978f8ff51b95a2bc1d0a	9	@solana_jobs	4	1	{4238}	84	HIGH	SOLANA_DEX_BOT_PROJECT	CLIENT	58702	393	https://t.me/solana_jobs/11452	2026-02-12 08:15:16+00	2026-09-14 18:39:25.921845+00	MIXED	🐹 Ищу задачи по разработке: Telegram Mini Apps, Web3, бэкенд и автоматизация |  | Меня зовут Даниил – разработчик с опытом разработки масштабируемых проектов, телеграм-ботов, мини-приложений и блокчейн-интеграций. |  | 🔗 Посмотреть портфолио: taiakindaniil.github.io |  | 💡 В портфолио собраны реальные законченные проекты | • Telegram Mini Apps (React + backend) — например, конструктор подарков с нативным Telegram дизайном, drag-and-drop функциональностью, подписками и мультиязычностью. |  | • So	🐹 Ищу задачи по разработке: Telegram Mini Apps, Web3, бэкенд и автоматизация |  | Меня зовут Даниил – разработчик с опытом разработки масштабируемых проектов, телеграм-ботов, мини-приложений и блокчейн-интеграций. |  | 🔗 Посмотреть портфолио: taiakindaniil.github.io |  | 💡 В портфолио собраны реальные законченные проекты | • Telegram Mini Apps (React + backend) — например, конструктор подарков с нативным Telegram дизайном, drag-and-drop функциональностью, подписками и мультиязычностью. |  | • Solana Trading Bot / DEX UI — торговый интерфейс с реальным подключением к рынкам и PnL-статистикой. |  | • CashTON и DarkTonPad — масштабируемые Telegram-боты с платежами, DB-бэкендом и административной панелью. |  | • Launchpad & Smart Contracts — контракты для запуска токенов с продвинутой логикой, стейкинг-решения. |  | • Еще куча проектов: NFT-инструменты, торговые утилиты, open source в экосистеме TON. |  | 🤜 Стек и навыки | Python, TypeScript, FunC/TACT (TON), React/Next.js, FastAPI, aiogram, SQL/PostgreSQL, Docker, Web и API-архитектуры |  | 😮 О себе кратко | — >5 лет в разработке | — опыт стартапов и коммерческих продуктов | — открытый исходный код и активные проекты в Web3 | — веду блог о TON, Telegram и Mini Apps (ссылка в шапке профиля) |  | 📩 Готов обсудить разработку/аудит/усовершенствование ваших решений — просто напиши! | @taiakin
9361998dcc211c5f8186cde67689c282	22	@jobstash	3	1	{6701}	79	HIGH	TRADING_SYSTEM_CONTRACT	RECRUITER	265801	769	https://t.me/jobstash/19977	2025-10-02 17:00:06+00	2026-09-14 19:17:01.632351+00	LATIN_SCRIPT	Ethena is hiring a remote Senior/Staff DeFi Engineer  |  | Ethena Labs is looking for a Senior Staff DeFi Engineer to design, deploy and maintain DeFi infrastructure and integrate security and trading systems. |  | 🤓 paymaster | Rust | Smart contract | Solana | Solidity | stablecoin | architecture | Foundry | Trading | security | audit | formal verification | liquidity | system design | vault | cross-chain | execution | AMM | invariant testing | market data |  | Job brought to you for free by Jo	Ethena is hiring a remote Senior/Staff DeFi Engineer  |  | Ethena Labs is looking for a Senior Staff DeFi Engineer to design, deploy and maintain DeFi infrastructure and integrate security and trading systems. |  | 🤓 paymaster | Rust | Smart contract | Solana | Solidity | stablecoin | architecture | Foundry | Trading | security | audit | formal verification | liquidity | system design | vault | cross-chain | execution | AMM | invariant testing | market data |  | Job brought to you for free by JobStash |  | Telegram | X | Farcaster
109e7ee3ea3c372b667236e009ff44f2	105	@Toobit_EN	2	2	{180013,180034}	95	HIGH	SOLANA_DEX_BOT_PROJECT	CLIENT	8059826	992	https://t.me/Toobit_EN/1025703	2025-10-12 12:41:10+00	2026-09-15 19:59:35.984955+00	LATIN_SCRIPT	📣New Listing Announcement:  Madlads Strategy (MLSTRAT) is now live on Toobit DEX+! |  | 📈 Trading: Opened | 🔗 Transaction Network: SOL |  | 🔍About Madlads Strategy | On Solana, MLSTRAT uses Madlads NFT sale proceeds to auto-buy and burn tokens, supporting its |  | Learn more about Madlads Strategy here:  X |  | More details👇🏻 | https://www.toobit.com/en-US/announcement/toobit-lists-madlads-strategy-(mlstrat)-on-dex	📣New Listing Announcement:  Madlads Strategy (MLSTRAT) is now live on Toobit DEX+! |  | 📈 Trading: Opened | 🔗 Transaction Network: SOL |  | 🔍About Madlads Strategy | On Solana, MLSTRAT uses Madlads NFT sale proceeds to auto-buy and burn tokens, supporting its |  | Learn more about Madlads Strategy here:  X |  | More details👇🏻 | https://www.toobit.com/en-US/announcement/toobit-lists-madlads-strategy-(mlstrat)-on-dex
f98486a43f2aa1231ec5965c48448c6f	2	@laborxWeb3Jobs	2	1	{2}	80	HIGH	TRADING_SYSTEM_CONTRACT	RECRUITER	23793	940	https://t.me/LaborXWeb3Jobs/14903	2026-03-24 17:29:10+00	2026-09-14 18:30:38.805567+00	LATIN_SCRIPT	🌟 Freelance Opportunity: Python Developer for Real-Time Crypto Trading Dashboard |  | 💰 Budget: $3000 |  | 🤝 With: spinbattles	🌟 Freelance Opportunity: Python Developer for Real-Time Crypto Trading Dashboard |  | 💰 Budget: $3000 |  | 🤝 With: spinbattles
23e329080328de2b2705a79fcdaaa1ee	47	@cTrader_bots	2	1	{19315}	79	HIGH	COPY_TRADING_PROJECT	CLIENT	383233	1130	https://t.me/cTrader_bots/67812	2026-09-14 16:13:25+00	2026-09-14 19:46:40.711024+00	LATIN_SCRIPT	Hey everyone, quick question — I have an EA that was developed by a programmer and it's been giving consistent 3–4% ROI daily. A friend of mine wants to copy my trades for just about a week so he can build up enough to buy his own license. | Is copy trading allowed under prop firm rules? Just want to be sure before we set it up.	Hey everyone, quick question — I have an EA that was developed by a programmer and it's been giving consistent 3–4% ROI daily. A friend of mine wants to copy my trades for just about a week so he can build up enough to buy his own license. | Is copy trading allowed under prop firm rules? Just want to be sure before we set it up.
c8a7aaa07386ceb4caab1747b72f5337	6	@BybitAPI	2	1	{152}	75	HIGH	TRADING_SYSTEM_CONTRACT	CLIENT	36381	186	https://t.me/BybitAPI/371016	2026-06-28 09:37:56+00	2026-09-14 18:33:36.784645+00	MIXED	Коля здравствуйте подскажите пожалуйста торгую на p2p создал бота по правилам api 10 правок за 5 минут... но чтобы управляться в 5 мин(300 секунд) мой бот спит 32-35 секунд перед тем как изменить цену.... в стакане есть другой ip я там прописал код и прошпионил за ним он с одним и тем же I'd orderom превышал эти Лимиты почему у меня ловит ошибку а у него работает без запинки? Я использую метод  редактирование.... как будет правильно?	Коля здравствуйте подскажите пожалуйста торгую на p2p создал бота по правилам api 10 правок за 5 минут... но чтобы управляться в 5 мин(300 секунд) мой бот спит 32-35 секунд перед тем как изменить цену.... в стакане есть другой ip я там прописал код и прошпионил за ним он с одним и тем же I'd orderom превышал эти Лимиты почему у меня ловит ошибку а у него работает без запинки? Я использую метод  редактирование.... как будет правильно?
6c16afc3e23d436bdb3d9645653e52a8	3	@laborx	2	1	{3}	73	MEDIUM	SOLANA_DEX_BOT_PROJECT	CLIENT	27873	90	https://t.me/laborx/1049	2026-04-20 11:21:42+00	2026-09-14 18:31:21.89343+00	LATIN_SCRIPT	🔥 Hot Gigs This Week on LaborX |  | 1. Rust Developer (Solana) |    💰 $10,000-20,000/mo | 🏢 DeFi Protocol | 📍 Remote |  | 2. Smart Contract Engineer |    💰 $9,000-16,000/mo | 🏢 DAO Platform | 📍 Remote |  | 3. Web3 Product Manager |    💰 $8,000-13,000/mo | 🏢 GameFi Studio | 📍 Remote |  | 4. Crypto Compliance Officer |    💰 $7,000-12,000/mo | 🏢 Exchange | 📍 Remote/Hybrid |  | 5. UI/UX Designer (Web3) |    💰 $5,000-9,000/mo | 🏢 Wallet App | 📍 Remote |  | 👉 These gigs won't last — apply now on Labor	🔥 Hot Gigs This Week on LaborX |  | 1. Rust Developer (Solana) |    💰 $10,000-20,000/mo | 🏢 DeFi Protocol | 📍 Remote |  | 2. Smart Contract Engineer |    💰 $9,000-16,000/mo | 🏢 DAO Platform | 📍 Remote |  | 3. Web3 Product Manager |    💰 $8,000-13,000/mo | 🏢 GameFi Studio | 📍 Remote |  | 4. Crypto Compliance Officer |    💰 $7,000-12,000/mo | 🏢 Exchange | 📍 Remote/Hybrid |  | 5. UI/UX Designer (Web3) |    💰 $5,000-9,000/mo | 🏢 Wallet App | 📍 Remote |  | 👉 These gigs won't last — apply now on LaborX!
6c16afc3e23d436bdb3d9645653e52a8	17	@chronotech	2	1	{3}	73	MEDIUM	SOLANA_DEX_BOT_PROJECT	CLIENT	62259	498	https://t.me/chronotech/568062	2026-04-20 11:21:45+00	2026-09-14 18:40:19.001872+00	LATIN_SCRIPT	🔥 Hot Gigs This Week on LaborX |  | 1. Rust Developer (Solana) |    💰 $10,000-20,000/mo | 🏢 DeFi Protocol | 📍 Remote |  | 2. Smart Contract Engineer |    💰 $9,000-16,000/mo | 🏢 DAO Platform | 📍 Remote |  | 3. Web3 Product Manager |    💰 $8,000-13,000/mo | 🏢 GameFi Studio | 📍 Remote |  | 4. Crypto Compliance Officer |    💰 $7,000-12,000/mo | 🏢 Exchange | 📍 Remote/Hybrid |  | 5. UI/UX Designer (Web3) |    💰 $5,000-9,000/mo | 🏢 Wallet App | 📍 Remote |  | 👉 These gigs won't last — apply now on Labor	🔥 Hot Gigs This Week on LaborX |  | 1. Rust Developer (Solana) |    💰 $10,000-20,000/mo | 🏢 DeFi Protocol | 📍 Remote |  | 2. Smart Contract Engineer |    💰 $9,000-16,000/mo | 🏢 DAO Platform | 📍 Remote |  | 3. Web3 Product Manager |    💰 $8,000-13,000/mo | 🏢 GameFi Studio | 📍 Remote |  | 4. Crypto Compliance Officer |    💰 $7,000-12,000/mo | 🏢 Exchange | 📍 Remote/Hybrid |  | 5. UI/UX Designer (Web3) |    💰 $5,000-9,000/mo | 🏢 Wallet App | 📍 Remote |  | 👉 These gigs won't last — apply now on LaborX!
2f0cc08d6cb45af9dfb55c654b07c1ba	30	@web30job	1	1	{6848}	100	HIGH	QUANT_ENGINEERING_CONTRACT	RECRUITER	269798	804	https://t.me/web30job/786	2025-11-22 09:54:59+00	2026-09-14 19:17:42.115996+00	MIXED	2064 #Vacancy #Вакансия #Developer #Senior #DeFi #Rust #Fulltime #Remote #Удаленно  |  | We are looking for a Senior Rust Developer - DeFi Infrastructure |  | About Us | FastForward Trading is a market making firm specialized in digital assets. We trade and provide liquidity on leading exchanges via spot and derivatives markets |  | ▪️What you’re going to do | ▫️Design, develop, test and maintain various modules of a DeFi trading infrastructure that processes terabytes of on-chain and off-chain 	2064 #Vacancy #Вакансия #Developer #Senior #DeFi #Rust #Fulltime #Remote #Удаленно  |  | We are looking for a Senior Rust Developer - DeFi Infrastructure |  | About Us | FastForward Trading is a market making firm specialized in digital assets. We trade and provide liquidity on leading exchanges via spot and derivatives markets |  | ▪️What you’re going to do | ▫️Design, develop, test and maintain various modules of a DeFi trading infrastructure that processes terabytes of on-chain and off-chain market data and produces hundreds of thousands of trades every day | ▫️Implement and optimize MEV (Maximal Extractable Value) capture mechanisms | ▫️Work in a small team of experienced DeFi and quantitative trading engineers | ▫️Collaborate closely with business-related teams (Quantitative Research, DeFi Strategy, Trade Analytics, Risk Management, etc.) | ▫️Scale the trading system by integrating various DeFi protocols (AMMs) and existing CEX-focused infrastructure | ▫️Have a direct impact on the growth of the company's DeFi trading capabilities |  | ▪️Requirements | ▫️Higher education in computer science, or related technical fields | ▫️At least 5 years of commercial programming experience with 2+ years specifically in Rust | ▫️Expert-level Rust knowledge including advanced features (unsafe code when necessary) | ▫️Experience with Rust's ecosystem: tokio, serde, reqwest, etc. | ▫️Detailed understanding of high performance low latency systems | ▫️Experience with asynchronous programming and concurrent systems in Rust | ▫️Proficiency with profiling tools | ▫️Experience with Rust testing framework | ▫️Excellent knowledge of classical algorithms and data structures | ▫️UNIX / Linux proficiency | ▫️Git version control | ▫️Strong understanding of blockchain fundamentals and consensus mechanisms | ▫️Knowledge of AMM DeFi protocols: CPMM and CLMM | ▫️Experience with Anchor smart contract development and auditing | ▫️Contributions to open-source DeFi or blockchain projects is a plus |  | ▪️Working conditions | ▫️Remote work from anywhere in the world or from office in Moscow | ▫️A powerful workstation and a laptop | ▫️Flexible work schedule available | ▫️Competitive salary in $ / ₽ / crypto | ▫️Performance-based bonus system | ▫️Coffee, snacks and drinks | ▫️Conference attendance and continued learning budget |  | Contacts: @lizan_ka Please attach your resume to your response |  | Blockchain Hunter: @workingincrypto
91777446124e9d39cb2aee8ef2b5be53	57	@BybitEnglish	1	1	{44855}	100	HIGH	COPY_TRADING_PROJECT	CLIENT	8494739	1133	https://t.me/BybitEnglish/4709345	2026-09-15 16:12:21+00	2026-09-15 22:28:22.320398+00	LATIN_SCRIPT	I’m following this trader on Bybit Copy Trading because I like the consistency of his results and the way his strategy is performing. The screenshot shows a +0.16% 7D ROI and +1.63 USDT cumulative profit, which gives me confidence to follow his trades rather than making every decision myself. I’m mainly looking for steady performance and a more structured way to participate in the market while keeping an eye on the results. |  | #MyCopyTrade	I’m following this trader on Bybit Copy Trading because I like the consistency of his results and the way his strategy is performing. The screenshot shows a +0.16% 7D ROI and +1.63 USDT cumulative profit, which gives me confidence to follow his trades rather than making every decision myself. I’m mainly looking for steady performance and a more structured way to participate in the market while keeping an eye on the results. |  | #MyCopyTrade
56568d7a746c4023773c33a2d221e70a	32	@rabotaweb3	1	1	{6850}	100	HIGH	MARKET_MAKING_PROJECT	CLIENT	270199	834	https://t.me/rabotaweb3/2349	2025-11-23 11:05:47+00	2026-09-14 19:17:46.459686+00	MIXED	⚙️ Нужен разработчик Senior Backend Full-stack developer  |  | 📌 О компании и проекте: |  | 🕯 Технологическая компания и liquidity provider в крипто индустрии B2B-сегмента. |  | ➡️ Компания запускает новый внутренний продукт — DEX–CEX арбитражный алгоритм, который объединит децентрализованные и централизованные площадки для анализа и реализации арбитражных возможностей. Проект будет иметь потенциал интеграции в основную платформу и подключения к другим продуктам компании. Успешная реализация отк	⚙️ Нужен разработчик Senior Backend Full-stack developer  |  | 📌 О компании и проекте: |  | 🕯 Технологическая компания и liquidity provider в крипто индустрии B2B-сегмента. |  | ➡️ Компания запускает новый внутренний продукт — DEX–CEX арбитражный алгоритм, который объединит децентрализованные и централизованные площадки для анализа и реализации арбитражных возможностей. Проект будет иметь потенциал интеграции в основную платформу и подключения к другим продуктам компании. Успешная реализация откроет возможность активного участия в развитии нашей экосистемы и роста до роли CTO. |  | 📌 Что тебя ждёт? |  | ✔️ Работа над интерфейсами и инструментами торговой платформы, где важны миллисекунды и стабильность решений. | ✔️Ты будешь разрабатывать функциональность, от которой напрямую зависит опыт пользователей и эффективность торговых стратегий. | ✔️ Мы ищем человека, способного продумывать архитектуру, а не просто «писать код» — тех, кто видит систему целиком и готов предлагать лучшие инженерные решения. |  | 📌 Основные задачи: |  | ✔️ Разработка MVP арбитражного алгоритма (DEX - CEX). | ✔️ Настройка интеграции с несколькими биржами через API (используя существующие коннекторы нашей платформы). | ✔️ Реализация алгоритма расчёта арбитражных возможностей. | ✔️ Создание интерфейса для мониторинга, логирования и аналитики данных. | ✔️ Построение дашбордов для анализа пар и потенциальных возможностей клиентов. | Технические требования:  | ✔️ Опыт работы с Node.js / TypeScript (основной стек) или Python. | ✔️ Опыт интеграции с API криптобирж (Binance, OKX, Bybit, BingX, KuCoin). | ✔️ Понимание принципов market making, DEX mechanics, trading bots — будет преимуществом | ✔️ Интеграция с CEX (REST: баланс, ордера, история, websocket: orderbook (diff streams), trades / tickers, user data stream (исполнения, ордера), нормализация под внутренний формат (единый интерфейс бирж)) | ✔️ Интеграции с DEX (EVM) (Навыки работы с ethers.js/viem (если TS) или web3.py (если Python), чтение: slot0, liquidity, fee, tickBitmap, ticks, getReserves) | ✔️ Информация о хранении данных (ID арбитражной сделки (с обоснованием открытия), снапшоты ордербуков/DEX LP, ордера (выставленные/исполненные – полные логи сделок) | ✔️ Теоретические данные (формулы v2: x·y=k, формулы v3: sqrtPriceX96, L, ticks, внутри-тиковые и кросс-тиковые свопы, ABI, декодирование логов, сбор агрегированного ордербука: из CEX L2 (bids/asks), из DEX v2 (через reserves), из DEX v3 (через ticks → виртуальный стакан), нормализация собранных данных (разные quote/base, разные lotSize, tickSize, разные комиссии)) |  | ❗️ Преимуществом будет, если есть понимание rate limits, batch-ордеров, оценки газа (gas estimation) и slippage. |  | 📌 Формат работы: |  | ✔️ Полная удалёнка, гибкий график. | ✔️ Русскоязычная команда. | ✔️ Работа напрямую с C-level и ведущим трейдером компании. | ✔️ Возможность роста до CTO и участия в развитии основного продукта. |  | 📌 Условия: |  | 💵 От 3000$-5000$ (конечная оплата - обсуждается индивидуально с кандидатом и зависит от опыта и навыков) | 🌐 Возможность сотрудничества как по ТК РФ, ИП так и в международном формате (ОАЭ, и т.д.) | 💸 Возможна оплата в криптовалюте  | 🖥 NDA-договор обязательный. |  | 📌 Результаты, которые мы ожидаем в первый месяц работы: |  | ✔️ Развернута базовая архитектура проекта (backend + frontend). | ✔️ Подключены несколько бирж через готовые коннекторы. | ✔️ Реализован алгоритм расчёта арбитражных возможностей. | ✔️ Настроен интерфейс для визуализации результатов, логов и мониторинга сценариев. |  | ❗️Это работа для тех, кто хочет расти, брать на себя ответственность и побеждать вместе с нами. |  | ‼️ Мы строим экосистему, где ключевые принципы — самостоятельность, профессионализм и уважение к инженерной культуре. |  | ➡️ Если ты ищешь среду, где можно реализовать технические идеи без бюрократии и видеть реальный результат своего кода — тебе будет комфортно с нами) |  | ✉️ Контакт @varvara_buslo |  | #вакансия #crypto #web3 #удаленка #remote  #
696d87c8724cf64ca5d210836c6f8d38	110	@KCEX_English	1	1	{46882}	100	HIGH	TRADING_SYSTEM_CONTRACT	CLIENT	8308889	1091	https://t.me/KCEX_English/928506	2026-06-09 15:07:43+00	2026-09-15 20:46:52.077237+00	LATIN_SCRIPT	😊 Strategy buys 1,550 Bitcoin after selling 32 |  | Strategy disclosed a purchase of 1,550 BTC for $101 million at an average price of $65,332 per coin. The buy came shortly after the company sold 32 BTC for $2.5 million, a move that sparked concerns about liquidity and funding pressure. |  | The purchase was almost 48x larger than the sale. It also came at a price well below the $77,135 average sale price and below Strategy's reported cost basis. At the same time, the company rebuilt its cash r	😊 Strategy buys 1,550 Bitcoin after selling 32 |  | Strategy disclosed a purchase of 1,550 BTC for $101 million at an average price of $65,332 per coin. The buy came shortly after the company sold 32 BTC for $2.5 million, a move that sparked concerns about liquidity and funding pressure. |  | The purchase was almost 48x larger than the sale. It also came at a price well below the $77,135 average sale price and below Strategy's reported cost basis. At the same time, the company rebuilt its cash reserve to $1 billion after it had fallen to around $900 million. |  | The important detail is how the purchase was funded. Strategy raised $181 million through newly issued shares and used that capital for Bitcoin purchases and reserve funding. The Bitcoin sale itself was not the source of the cash. |  | The model remains the same: issue equity, raise capital, buy more Bitcoin. The debate is shifting from whether Strategy will sell BTC to how much dilution each new purchase requires.
38a73648c720ea6dd0acf8f4d999b1ef	49	@mevdao	1	1	{19709}	100	HIGH	SOLANA_DEX_BOT_PROJECT	CLIENT	385713	1095	https://t.me/mevdao/53188	2026-07-29 08:07:34+00	2026-09-14 19:47:08.962371+00	LATIN_SCRIPT	I can already build and submit bundles, but I’m not sure where to start testing actual arbitrage strategies. | Can anyone recommend a good environment, chain, DEX pair, testnet, forked mainnet, or low-risk setup where I can test the full flow end to end—opportunity detection, route simulation, gas estimation, bundle submission, execution, and profit validation? | My goal is to understand whether my bot can consistently identify and execute profitable arbitrage after accounting for gas costs, DEX	I can already build and submit bundles, but I’m not sure where to start testing actual arbitrage strategies. | Can anyone recommend a good environment, chain, DEX pair, testnet, forked mainnet, or low-risk setup where I can test the full flow end to end—opportunity detection, route simulation, gas estimation, bundle submission, execution, and profit validation? | My goal is to understand whether my bot can consistently identify and execute profitable arbitrage after accounting for gas costs, DEX fees, slippage, failed bundles, builder competition, and latency. I’d prefer to start with small capital or in a simulated environment before deploying on mainnet.
a3f706c8fc4c147af29016e55b6eff16	136	@r_algotrading	1	1	{187235}	100	HIGH	TRADING_SYSTEM_CONTRACT	CLIENT	8487486	1094	https://t.me/r_algotrading/6404	2026-09-15 17:45:13+00	2026-09-15 21:22:08.308773+00	LATIN_SCRIPT	What do you think? |  | https://preview.redd.it/j2pffl0e5nph1.png?width=1543&format=png&auto=webp&s=5db5ccbbed8d2d61c97f8be68674b4fbb4c76097 |  | https://preview.redd.it/448nafcf5nph1.png?width=1560&format=png&auto=webp&s=23be2176bd9bb4004a7309e6929f8d428e337b06 |  | I spent a few days trying to make a trading bot and this is the best one I made. |  | I moved it from the Analyzer to Demo now and waiting for the NY trading hours for Demo results. |  | I intend to use this for Lucid Trading 25K ac	What do you think? |  | https://preview.redd.it/j2pffl0e5nph1.png?width=1543&format=png&auto=webp&s=5db5ccbbed8d2d61c97f8be68674b4fbb4c76097 |  | https://preview.redd.it/448nafcf5nph1.png?width=1560&format=png&auto=webp&s=23be2176bd9bb4004a7309e6929f8d428e337b06 |  | I spent a few days trying to make a trading bot and this is the best one I made. |  | I moved it from the Analyzer to Demo now and waiting for the NY trading hours for Demo results. |  | I intend to use this for Lucid Trading 25K accounts. |  | AI generated Summary because i am lazy: |  | Overview: |  |  Fully automated intraday strategy on Micro E-mini S&P 500 (MES) |  5-minute bars |  Backtest period: Jan 2022 – Sep 2026 (4.5 years) |  Includes commission and 1 tick slippage |  Long and short trades |  Strict risk management |  | Backtest Performance (1 contract): |  | |Metric|Value| | |:-|:-| | |Total trades|312| | |Net profit|$6,666| | |Profit factor|1.62| | |Win rate|63.46%| | |Avg win|$87.89| | |Avg loss|$94.17| | |Max drawdown (backtest)|$700| | |Profit per month|\\~$119| | |Profit per year|\\~$1,480| | |Sharpe ratio|0.42| | |Sortino ratio|0.98| | |R-squared|0.95| |  | https://redd.it/1wgu5tl | @r_algotrading
be4cad3843e29c7527fd040a0d7ed22c	106	@TooBit_announcements	1	1	{180034}	100	HIGH	TRADING_SYSTEM_CONTRACT	CLIENT	8072714	994	https://t.me/Toobit_announcements/4922	2026-07-30 11:50:28+00	2026-09-15 20:01:52.229864+00	LATIN_SCRIPT	🚀 Build your strategy with Futures Grid Bot and win a share of the 150,000 USDT prize pool! |  | Enhance your trading experience with the Toobit Futures Grid Bot which now comes with AI-based strategies, more flexible customization options, and a chance to win a share of the 150,000 USDT prize pool. |  | 📅 Event Period: | July 30, 2026, 10:00 UTC – August 20, 2026, 10:00 UTC |  | ⚡ Register Now: | https://www.toobit.com/en-US/activity/c/AIGridBot |  | 📖 More Details: | https://www.toobit.com/en-	🚀 Build your strategy with Futures Grid Bot and win a share of the 150,000 USDT prize pool! |  | Enhance your trading experience with the Toobit Futures Grid Bot which now comes with AI-based strategies, more flexible customization options, and a chance to win a share of the 150,000 USDT prize pool. |  | 📅 Event Period: | July 30, 2026, 10:00 UTC – August 20, 2026, 10:00 UTC |  | ⚡ Register Now: | https://www.toobit.com/en-US/activity/c/AIGridBot |  | 📖 More Details: | https://www.toobit.com/en-US/announcement/build-your-strategy-with-futures-grid-bot-and-share-150-000-usdt
571819a9d64de8e80132f07cdc4b5f5b	6	@BybitAPI	1	1	{2656}	100	HIGH	BOT_CUSTOMIZATION	CLIENT	39331	217	https://t.me/BybitAPI/363704	2026-04-19 00:32:12+00	2026-09-14 18:34:29.059965+00	LATIN_SCRIPT	Dear Bybit Technical Support Team, | We are developing an automated trading system that manages Futures Grid Bots via the Bybit API. Our system currently uses the following official endpoints successfully: |  | POST /v5/fgridbot/create — create bot | POST /v5/fgridbot/close — close bot | POST /v5/fgridbot/detail — get bot details | POST /v5/fgridbot/validate — validate parameters |  | Our Question: | We need to programmatically add additional margin/investment to an active Futures Grid Bot when 	Dear Bybit Technical Support Team, | We are developing an automated trading system that manages Futures Grid Bots via the Bybit API. Our system currently uses the following official endpoints successfully: |  | POST /v5/fgridbot/create — create bot | POST /v5/fgridbot/close — close bot | POST /v5/fgridbot/detail — get bot details | POST /v5/fgridbot/validate — validate parameters |  | Our Question: | We need to programmatically add additional margin/investment to an active Futures Grid Bot when drawdown exceeds a certain threshold. This is a risk management feature to prevent liquidation. | Specifically, we are looking for: |  | The official API endpoint for adding investment to an active Futures Grid Bot (similar to the "Invest More" button in the web interface) | Required parameters for this endpoint (bot_id, amount, symbol, etc.) | Authentication method — does this endpoint use the standard HMAC-SHA256 API key authentication, or does it require browser session tokens (secure-token)? | Any rate limits or restrictions on this operation |  | We have already explored the browser network traffic and found the endpoint https://www.bybit.com/x-api/contract/v5/fgridbot/add-margin which appears to require a browser session token rather than API key authentication. We would greatly appreciate confirmation of the correct approach for server-to-server API integration. | Our use case: We manage Grid Bots for multiple clients on a SaaS platform. When a bot's drawdown exceeds 60%, we need to automatically add margin to prevent liquidation. Manual intervention is not scalable for our platform. | Thank you for your assistance.
09fc814d02a4bed7ec193b2d7364571b	2	@laborxWeb3Jobs	1	1	{2}	100	HIGH	TRADING_SYSTEM_CONTRACT	RECRUITER	24048	82	https://t.me/LaborXWeb3Jobs/14652	2026-02-26 08:52:22+00	2026-09-14 18:30:41.610294+00	LATIN_SCRIPT	🌟 Freelance Opportunity: Need Developer to Fix Polymarket Trading Bot (Urgent) |  | 💰 Budget: $1500 |  | 🤝 With: Maxu	🌟 Freelance Opportunity: Need Developer to Fix Polymarket Trading Bot (Urgent) |  | 💰 Budget: $1500 |  | 🤝 With: Maxu
c488d25368f473584a957790eeaeaa60	2	@laborxWeb3Jobs	1	1	{2}	100	HIGH	TRADING_SYSTEM_CONTRACT	RECRUITER	24091	83	https://t.me/LaborXWeb3Jobs/14609	2026-02-25 13:13:19+00	2026-09-14 18:30:41.77415+00	LATIN_SCRIPT	🌟 Freelance Opportunity: Need Developer to Fix Polymarket Trading Bot (Urgent) |  | 💰 Budget: $500 |  | 🤝 With: Thomas Ken	🌟 Freelance Opportunity: Need Developer to Fix Polymarket Trading Bot (Urgent) |  | 💰 Budget: $500 |  | 🤝 With: Thomas Ken
e074c6f3eeae39a00dc9050a21c4c2b5	6	@BybitAPI	1	1	{2640}	100	HIGH	TRADING_SYSTEM_CONTRACT	CLIENT	39187	214	https://t.me/BybitAPI/364136	2026-04-22 15:01:15+00	2026-09-14 18:34:27.803894+00	LATIN_SCRIPT	First of all, thank you for the previous clarification regarding the Singapore apse1-az2/az3 server location. My infrastructure is now optimized and running within apse1-az3. |  | To further refine my HFT execution logic, I would appreciate your technical input on the following three points: |  | 1. Queue Priority & Matching Engine: | Since I am utilizing Post-Only Limit Orders for liquidity tracking, I am interested in the "Time-Priority" logic. If multiple orders arrive at the same price level	First of all, thank you for the previous clarification regarding the Singapore apse1-az2/az3 server location. My infrastructure is now optimized and running within apse1-az3. |  | To further refine my HFT execution logic, I would appreciate your technical input on the following three points: |  | 1. Queue Priority & Matching Engine: | Since I am utilizing Post-Only Limit Orders for liquidity tracking, I am interested in the "Time-Priority" logic. If multiple orders arrive at the same price level within the same millisecond, does the matching engine strictly follow the timestamp of the order arrival at the gateway? Furthermore, is there any internal "latency floor" for retail API users compared to institutional (PRO) users in the matching queue? |  | 2. Execution Report Latency: | Currently, I use the /v5/private WebSocket to receive execution reports. For the fastest possible reaction to a "Fill" event (to immediately place a Take-Profit order), would you recommend switching to the specialized Trade WebSocket (/v5/trade)? Is there a measurable latency advantage of the Trade stream over the standard Private stream for execution reports? |  | 3. Order Modification Bursts: | In high-volatility scenarios, my bot may need to modify or cancel/replace orders frequently to follow whale activity. While I am aware of the overall rate limits, is there a "Burst Limit" for the number of modifications per second on a single symbol? Would utilizing the "Batch Order" endpoint provide any performance benefit regarding the processing speed within the matching engine? |  | Thank you for your expertise and for providing such a high-performance trading environment. |  | Best regards,
2f0cc08d6cb45af9dfb55c654b07c1ba	10	@workingincrypto	1	1	{330}	100	HIGH	QUANT_ENGINEERING_CONTRACT	RECRUITER	59666	469	https://t.me/workingincrypto/2575	2025-11-15 09:00:02+00	2026-09-14 18:39:38.81164+00	MIXED	2064 #Vacancy #Вакансия #Developer #Senior #DeFi #Rust #Fulltime #Remote #Удаленно  |  | We are looking for a Senior Rust Developer - DeFi Infrastructure |  | About Us | FastForward Trading is a market making firm specialized in digital assets. We trade and provide liquidity on leading exchanges via spot and derivatives markets |  | ▪️What you’re going to do | ▫️Design, develop, test and maintain various modules of a DeFi trading infrastructure that processes terabytes of on-chain and off-chain 	2064 #Vacancy #Вакансия #Developer #Senior #DeFi #Rust #Fulltime #Remote #Удаленно  |  | We are looking for a Senior Rust Developer - DeFi Infrastructure |  | About Us | FastForward Trading is a market making firm specialized in digital assets. We trade and provide liquidity on leading exchanges via spot and derivatives markets |  | ▪️What you’re going to do | ▫️Design, develop, test and maintain various modules of a DeFi trading infrastructure that processes terabytes of on-chain and off-chain market data and produces hundreds of thousands of trades every day | ▫️Implement and optimize MEV (Maximal Extractable Value) capture mechanisms | ▫️Work in a small team of experienced DeFi and quantitative trading engineers | ▫️Collaborate closely with business-related teams (Quantitative Research, DeFi Strategy, Trade Analytics, Risk Management, etc.) | ▫️Scale the trading system by integrating various DeFi protocols (AMMs) and existing CEX-focused infrastructure | ▫️Have a direct impact on the growth of the company's DeFi trading capabilities |  | ▪️Requirements | ▫️Higher education in computer science, or related technical fields | ▫️At least 5 years of commercial programming experience with 2+ years specifically in Rust | ▫️Expert-level Rust knowledge including advanced features (unsafe code when necessary) | ▫️Experience with Rust's ecosystem: tokio, serde, reqwest, etc. | ▫️Detailed understanding of high performance low latency systems | ▫️Experience with asynchronous programming and concurrent systems in Rust | ▫️Proficiency with profiling tools | ▫️Experience with Rust testing framework | ▫️Excellent knowledge of classical algorithms and data structures | ▫️UNIX / Linux proficiency | ▫️Git version control | ▫️Strong understanding of blockchain fundamentals and consensus mechanisms | ▫️Knowledge of AMM DeFi protocols: CPMM and CLMM | ▫️Experience with Anchor smart contract development and auditing | ▫️Contributions to open-source DeFi or blockchain projects is a plus |  | ▪️Working conditions | ▫️Remote work from anywhere in the world or from office in Moscow | ▫️A powerful workstation and a laptop | ▫️Flexible work schedule available | ▫️Competitive salary in $ / ₽ / crypto | ▫️Performance-based bonus system | ▫️Coffee, snacks and drinks | ▫️Conference attendance and continued learning budget |  | Contacts: @lizan_ka Please attach your resume to your response |  | Blockchain Hunter: @workingincrypto
300f59e55cce1db493e486139922bf9d	12	@careers_crypto	1	1	{332}	100	HIGH	ML_AI_ENGINEERING_CONTRACT	RECRUITER	258953	723	https://t.me/careers_crypto/358	2026-04-08 09:47:06+00	2026-09-14 19:15:49.205607+00	MIXED	#Вакансия #vacancy #remote #fullstack #blockchain #crypto #trading |  | Senior Fullstack (Go + React) / Blockchain Engineer — Trading Infrastructure |  | Формат: удалённо, contractor | ЗП: обсуждается |  | О проекте | • 10arx — AI-нативный торговый терминал для prediction markets | • Сайт: https://10arx.com/ | • On-chain execution, интеграции с Polymarket, Kalshi, DEX | • Ранняя стадия, быстрый темп, небольшая команда |  | Роль: | • Разработка торговой инфраструктуры (24/7, real money systems) |	#Вакансия #vacancy #remote #fullstack #blockchain #crypto #trading |  | Senior Fullstack (Go + React) / Blockchain Engineer — Trading Infrastructure |  | Формат: удалённо, contractor | ЗП: обсуждается |  | О проекте | • 10arx — AI-нативный торговый терминал для prediction markets | • Сайт: https://10arx.com/ | • On-chain execution, интеграции с Polymarket, Kalshi, DEX | • Ранняя стадия, быстрый темп, небольшая команда |  | Роль: | • Разработка торговой инфраструктуры (24/7, real money systems) | • Работа с on-chain execution, realtime-данными и автоматизацией стратегий |  | Что предстоит делать: | • Проектировать систему on-chain execution (транзакции, контракты, wallet management, gas) | • Интеграции с prediction market платформами и DEX | • Разработка real-time data pipeline | • Реализация торговых стратегий | • Разработка backtesting-инфраструктуры | • Настройка мониторинга и alerting | • Разработка frontend (React) для управления и визуализации |  | Стек: | • Go (backend) | • Solidity, EVM, web3 | • React, TypeScript | • PostgreSQL, Redis, Elasticsearch | • Docker, CI/CD | • AI-инструменты (Cursor, Copilot, Claude) |  | Требования: | • 4+ года Go (production) | • Опыт с blockchain | • Solidity (чтение и взаимодействие с контрактами) | • Real-time systems (WebSocket, event-driven) | • Fullstack (React + TypeScript) | • Опыт с CEX/DEX API | • Python как дополнительный язык | • Опыт в fintech / crypto / DeFi / trading — обязателен | • Опыт разработки систем с реальными деньгами | • Активное использование AI-инструментов | • Русский + рабочий английский |  | Как ты работаешь: | • Systems engineering — high-load trading systems | • Blockchain engineering — on-chain execution | • Быстрые итерации и работа с AI |  | Характер: | • Не ждёшь задачи: видишь проблему → решаешь → потом сообщаешь | • Комфортно работаешь без чёткого ТЗ | • Есть опыт запуска с нуля | • Готов брать на себя полную ответственность за направление |  | Важно: | • Самостоятельность и ownership | • Опыт запуска систем с нуля | • Комфорт в условиях неопределенности |  | Не подойдет, если: | • Нет опыта Go в production | • Только опыт в больших компаниях | • Нужен детальный ТЗ | • Только smart contracts без backend/system опыта | • Нет опыта с финансами/трейдингом | • Не используешь AI в работе |  | Условия: | • Полный ownership trading infrastructure | • Прямое взаимодействие с CTO и фаундером | • Удалённо, contractor | • Конкурентная оплата |  | Контакты: заполните Google-форму (ответ в течение 3 рабочих дней) |  | Крипто Вакансии: @careers_crypto | Диджитал Вакансии: @careers_digital
ac22f03a4a61c84ba2d872c704a568fc	26	@blockchain_job	1	1	{6845}	99	HIGH	ML_AI_ENGINEERING_CONTRACT	CLIENT	268995	785	https://t.me/blockchain_job/1829	2026-04-02 13:57:23+00	2026-09-14 19:17:34.154933+00	MIXED	#Резюме #Copywriter #ContentWriter #Web3 #Fintech |  | Позиция: Senior Content Writer / Copywriter (Web3, Fintech, AI, SaaS)  | Локация: Удаленно (Full-time / Part-time)  | Опыт: 4+ года в индустрии (Web3, AI, Fintech) |  | ▪️ Ключевой опыт:  | • Co-founder / Head of Global Growth & Editor-in-Chief Англоязычной версии крипто СМИ Altcoinlog ( За полгода под моим лидерством было выпущено 115+ глубоких материалов, адаптированных под глобальный рынок ) | • Copywriter/content writer в eesee.io | • Co	#Резюме #Copywriter #ContentWriter #Web3 #Fintech |  | Позиция: Senior Content Writer / Copywriter (Web3, Fintech, AI, SaaS)  | Локация: Удаленно (Full-time / Part-time)  | Опыт: 4+ года в индустрии (Web3, AI, Fintech) |  | ▪️ Ключевой опыт:  | • Co-founder / Head of Global Growth & Editor-in-Chief Англоязычной версии крипто СМИ Altcoinlog ( За полгода под моим лидерством было выпущено 115+ глубоких материалов, адаптированных под глобальный рынок ) | • Copywriter/content writer в eesee.io | • Copywriter/content writer в Stripchain | • Senior Content Strategist/Copywriter в Gamety | • Senior SMM Manager в AI trading bot AssetSwap | • Growth Manager в Astrena AI |  | ▪️ Чем я буду полезна проекту:  | • Deep Tech Copywriting: пишу статьи, лонгриды, технические разборы, контент для сайта и CRM коммуникации на английском языке  | • Retention & CRM: создаю onboarding-цепочки, продуктовые рассылки и push-уведомления, которые удерживают пользователей | • Narrative Design: формирую голос бренда (Tone of Voice) в соцсетях (X, TG), пишу треды и посты |  | ▪️О себе: | • Английский - C1 ( есть опыт проведения X Spaces на английском языке )  | • Positivity☀️ | • Мой мозг - генератор творческих идей | • Люблю доводить дела до конца  | • 4 года в Crypto индустрии | • Всегда открыта к обучению |  | Полное резюме: https://docs.google.com/document/d/1w-cYaPklwx76eLQWjNPNh7wiMRixF1L_PeTFLUufKMI/edit?usp=sharing |  | Зарплатные ожидания: зависит от задач |  | P.S. Всякие скам проекты, казино, проекты без финансирования и бюджета на рекламу - мне не подходят. Ищу стабильную работу в дружном, светлом, позитивном коллективе. |  | Контакт для связи: @pollyphelony
f988c804c7699ec54e26711cc92aee0d	26	@blockchain_job	1	1	{6845}	99	HIGH	ML_AI_ENGINEERING_CONTRACT	CLIENT	269010	788	https://t.me/blockchain_job/1814	2026-01-29 09:36:51+00	2026-09-14 19:17:34.304486+00	MIXED	#Резюме #SeniorCopywriter #ContentStrategist #Web3 #Fintech |  | Позиция: Senior Content Writer / Content Strategist (Web3, Fintech, AI, SaaS)  | Локация: Удаленно (Full-time / Part-time)  | Опыт: 4+ года в индустрии (Web3, AI, Fintech) |  | ▪️ Ключевой опыт:  | • Head of Global Growth & Editor-in-Chief Англоязычной версии сайта крипто СМИ Altcoinlog | • Copywriter/content writer в eesee.io | • Senior SMM Manager в AI trading bot AssetSwap | • Copywriter/content writer в Stripchain | • Senior Co	#Резюме #SeniorCopywriter #ContentStrategist #Web3 #Fintech |  | Позиция: Senior Content Writer / Content Strategist (Web3, Fintech, AI, SaaS)  | Локация: Удаленно (Full-time / Part-time)  | Опыт: 4+ года в индустрии (Web3, AI, Fintech) |  | ▪️ Ключевой опыт:  | • Head of Global Growth & Editor-in-Chief Англоязычной версии сайта крипто СМИ Altcoinlog | • Copywriter/content writer в eesee.io | • Senior SMM Manager в AI trading bot AssetSwap | • Copywriter/content writer в Stripchain | • Senior Content Strategist/Copywriter в Gamety | • Growth Manager в Astrena AI |  | ▪️ Чем я буду полезна проекту:  | • Deep Tech Copywriting: пишу статьи, лонгриды, технические разборы, контент для сайта и CRM коммуникации на английском языке | • Retention & CRM: создаю onboarding-цепочки, продуктовые рассылки и push-уведомления, которые удерживают пользователей | • Narrative Design: формирую голос бренда (Tone of Voice) в соцсетях (X, TG), пишу треды, посты, накидываю идеи для мемов)  | • Public Speaking: свободный английский (C1), был опыт проведения X spaces как и в качестве приглашенного спикера, так и в роли host |  | ▪️О себе: | • Английский - C1 ( есть опыт проведения X Spaces на английском языке )  | • Positivity☀️ | • Мой мозг - генератор творческих идей | • Люблю доводить дела до конца  | • 4 года в Crypto индустрии | • Всегда открыта к обучению |  | Полное резюме: https://docs.google.com/document/d/1w-cYaPklwx76eLQWjNPNh7wiMRixF1L_PeTFLUufKMI/edit?usp=sharing |  | Зарплатные ожидания: зависит от задач |  | P.S. Всякие скам проекты, казино, проекты без финансирования и бюджета на рекламу - мне не подходят. Ищу стабильную работу в дружном, светлом, позитивном коллективе. |  | Контакт для связи: @pollyphelony
9d4323ba89026d12824c4d05ea5396a2	107	@BloFin_Official	1	1	{182069}	99	HIGH	ML_AI_ENGINEERING_CONTRACT	CLIENT	8081466	1001	https://t.me/BloFin_Official/264076	2026-05-12 04:37:06+00	2026-09-15 20:03:32.301922+00	LATIN_SCRIPT	I created an AI Trading Bot and I am not sure how to create a SL TP? If I created a SL will it close my trade? If I create a TP? will it close my trade?	I created an AI Trading Bot and I am not sure how to create a SL TP? If I created a SL will it close my trade? If I create a TP? will it close my trade?
f532422fd37d5e364398464b80030db4	26	@blockchain_job	1	1	{6845}	99	HIGH	ML_AI_ENGINEERING_CONTRACT	CLIENT	269002	787	https://t.me/blockchain_job/1822	2026-02-27 16:25:22+00	2026-09-14 19:17:34.214245+00	MIXED	#Резюме #SeniorCopywriter #ContentStrategist #Web3 #Fintech |  | Позиция: Senior Content Writer / Content Strategist (Web3, Fintech, AI, SaaS)  | Локация: Удаленно (Full-time / Part-time)  | Опыт: 4+ года в индустрии (Web3, AI, Fintech) |  | ▪️ Ключевой опыт:  | • Co-founder / Head of Global Growth & Editor-in-Chief Англоязычной версии сайта крипто СМИ Altcoinlog | • Copywriter/content writer в eesee.io | • Senior SMM Manager в AI trading bot AssetSwap | • Copywriter/content writer в Stripchain 	#Резюме #SeniorCopywriter #ContentStrategist #Web3 #Fintech |  | Позиция: Senior Content Writer / Content Strategist (Web3, Fintech, AI, SaaS)  | Локация: Удаленно (Full-time / Part-time)  | Опыт: 4+ года в индустрии (Web3, AI, Fintech) |  | ▪️ Ключевой опыт:  | • Co-founder / Head of Global Growth & Editor-in-Chief Англоязычной версии сайта крипто СМИ Altcoinlog | • Copywriter/content writer в eesee.io | • Senior SMM Manager в AI trading bot AssetSwap | • Copywriter/content writer в Stripchain | • Senior Content Strategist/Copywriter в Gamety | • Growth Manager в Astrena AI |  | ▪️ Чем я буду полезна проекту:  | • Deep Tech Copywriting: пишу статьи, лонгриды, технические разборы, контент для сайта и CRM коммуникации на английском языке | • Retention & CRM: создаю onboarding-цепочки, продуктовые рассылки и push-уведомления, которые удерживают пользователей | • Narrative Design: формирую голос бренда (Tone of Voice) в соцсетях (X, TG), пишу треды, посты, накидываю идеи для мемов)  | • Public Speaking: свободный английский (C1), был опыт проведения X spaces как и в качестве приглашенного спикера, так и в роли host |  | ▪️О себе: | • Английский - C1 ( есть опыт проведения X Spaces на английском языке )  | • Positivity☀️ | • Мой мозг - генератор творческих идей | • Люблю доводить дела до конца  | • 4 года в Crypto индустрии | • Всегда открыта к обучению |  | Полное резюме: https://docs.google.com/document/d/1w-cYaPklwx76eLQWjNPNh7wiMRixF1L_PeTFLUufKMI/edit?usp=sharing |  | Зарплатные ожидания: зависит от задач |  | P.S. Всякие скам проекты, казино, проекты без финансирования и бюджета на рекламу - мне не подходят. Ищу стабильную работу в дружном, светлом, позитивном коллективе. |  | Контакт для связи: @pollyphelony
ec8bb56a10f91bb34d5d786abd4bdc6f	2	@laborxWeb3Jobs	1	1	{2}	98	HIGH	TRADING_SYSTEM_CONTRACT	RECRUITER	25400	86	https://t.me/LaborXWeb3Jobs/13300	2025-11-28 15:34:38+00	2026-09-14 18:30:54.914487+00	LATIN_SCRIPT	🌟 Freelance Opportunity: Python Crypto Trading Bot Developer (GUI + Dashboard) |  | 💰 Budget: $800 |  | 🤝 With: Harry Bennett	🌟 Freelance Opportunity: Python Crypto Trading Bot Developer (GUI + Dashboard) |  | 💰 Budget: $800 |  | 🤝 With: Harry Bennett
183a12b98388bc888673d7e696a98130	10	@workingincrypto	1	1	{330}	97	HIGH	QUANT_ENGINEERING_CONTRACT	RECRUITER	59787	475	https://t.me/workingincrypto/2451	2025-09-24 15:00:34+00	2026-09-14 18:39:40.244728+00	MIXED	1972 #Vacancy #Вакансия #Developer #Senior #DeFi #Rust #Fulltime #Remote #Удаленно  |  | We are looking for: | ▪️Senior Rust Developer - DeFi Infrastructure | ▪️Senior C++ developer |  | ▪️Senior Rust Developer - DeFi Infrastructure |  | What you’re going to do | ▫️Design, develop, test and maintain various modules of a DeFi trading infrastructure that processes terabytes of on-chain and off-chain market data and produces hundreds of thousands of trades every day | ▫️Implement and optimize MEV (	1972 #Vacancy #Вакансия #Developer #Senior #DeFi #Rust #Fulltime #Remote #Удаленно  |  | We are looking for: | ▪️Senior Rust Developer - DeFi Infrastructure | ▪️Senior C++ developer |  | ▪️Senior Rust Developer - DeFi Infrastructure |  | What you’re going to do | ▫️Design, develop, test and maintain various modules of a DeFi trading infrastructure that processes terabytes of on-chain and off-chain market data and produces hundreds of thousands of trades every day | ▫️Implement and optimize MEV (Maximal Extractable Value) capture mechanisms | ▫️Work in a small team of experienced DeFi and quantitative trading engineers | ▫️Collaborate closely with business-related teams (Quantitative Research, DeFi Strategy, Trade Analytics, Risk Management, etc.) | ▫️Scale the trading system by integrating various DeFi protocols (AMMs) and existing CEX-focused infrastructure | ▫️Have a direct impact on the growth of the company's DeFi trading capabilities |  | Requirements | ▫️Higher education in computer science, or related technical fields | ▫️At least 5 years of commercial programming experience with 2+ years specifically in Rust | ▫️Expert-level Rust knowledge including advanced features (unsafe code when necessary) | ▫️Experience with Rust's ecosystem: tokio, serde, reqwest, etc. | ▫️Detailed understanding of high performance low latency systems | ▫️Experience with asynchronous programming and concurrent systems in Rust | ▫️Proficiency with profiling tools | ▫️Experience with Rust testing framework | ▫️Excellent knowledge of classical algorithms and data structures | ▫️UNIX / Linux proficiency | ▫️Git version control | ▫️Strong understanding of blockchain fundamentals and consensus mechanisms | ▫️Knowledge of AMM DeFi protocols: CPMM and CLMM | ▫️Experience with Anchor smart contract development and auditing | ▫️Contributions to open-source DeFi or blockchain projects is a plus |  | Working conditions | ▫️Remote work from anywhere in the world or from office in Moscow | ▫️A powerful workstation and a laptop | ▫️Flexible work schedule available | ▫️Competitive salary in $ / ₽ / crypto | ▫️Performance-based bonus system | ▫️Coffee, snacks and drinks | ▫️Conference attendance and continued learning budget |  | ▪️Senior C++ developer |  | What you’re going to do | ▫️Design, develop, test and maintain various modules of a trading system that processes terabytes of market data and produces hundreds of thousands of trades every day | ▫️Perform system latency optimizations | ▫️Work in a small team of experienced HFT software engineers | ▫️Collaborate closely with business-related teams (QuantitativeResearch, TradeAnalytics, etc.) | ▫️Scale the trading system by connecting various market instruments (spot, futures, swaps, DeFi, etc.) | ▫️Have a direct impact on the growth of the company |  | Requirements | ▫️Higher education in computer science or related technical fields | ▫️At least 5 years of commercial programming experience | ▫️Modern C++ (we use C++23), STL | ▫️Cmake | ▫️Deep knowledge of network protocols (TCP/IP, UDP) | ▫️Excellent knowledge of classical algorithms and data structures | ▫️Experience with unit testing libraries (Google C++ Testing Framework) | ▫️UNIX / Linux | ▫️Git | ▫️Boost (beast, asio, msm) | ▫️Detailed understanding of high performance low latency systems | ▫️Experience in trading systems development | ▫️Experience in asynchronous programming / multithreading | ▫️Shared memory, lock-free programming | ▫️Experience in performance optimizations including compiler and cache optimizations | ▫️Knowledge of GDB, profilers | ▫️Outstanding results in top programming / math contests is a plus |  | ▪️Working conditions | ▫️Remote work from anywhere in the world or from office in Moscow | ▫️A powerful workstation and a laptop | ▫️Flexible work schedule available | ▫️Salary in $ / ₽ | ▫️Transparent bonus system | ▫️Coffee, snacks and drinks |  | Contacts: @fastforwardhr Please attach your resume to your response |  | Blockchain Hu
fb1f3f276dbeb6ec3c1f20c7299cb74b	49	@mevdao	1	0	\N	97	HIGH	ARBITRAGE_PROJECT	CLIENT	386283	1096	https://t.me/mevdao/51991	2025-12-14 18:08:50+00	2026-09-14 19:47:14.875216+00	LATIN_SCRIPT	It´s better to start working horizontally and then optimizing vertically once a good enough strategy is found |  | Instead of trying to build the best arbitrage bot (which is extremely competitive) find specific arbitrage opportunities that nobody else is seeing and then optimize it for speed and to increase win rate for those opportunities	It´s better to start working horizontally and then optimizing vertically once a good enough strategy is found |  | Instead of trying to build the best arbitrage bot (which is extremely competitive) find specific arbitrage opportunities that nobody else is seeing and then optimize it for speed and to increase win rate for those opportunities
e0995649b70960eafcf4c927ddd22572	57	@BybitEnglish	1	1	{44347}	97	HIGH	ML_AI_ENGINEERING_CONTRACT	CLIENT	974389	947	https://t.me/BybitEnglish/4291301	2026-06-08 06:51:01+00	2026-09-14 21:51:51.725555+00	LATIN_SCRIPT	### Analytical Report: The Transformation of Trading, Investing, and DeFi Participation by Autonomous AI Agents Over the Next Decade |  | #### Introduction | The integration of autonomous AI agents into the financial ecosystem is poised to revolutionize trading, investing, and decentralized finance (DeFi) participation over the next decade. These AI agents, equipped with advanced algorithms and machine learning capabilities, will enhance decision-making processes, optimize trading strategies, an	### Analytical Report: The Transformation of Trading, Investing, and DeFi Participation by Autonomous AI Agents Over the Next Decade |  | #### Introduction | The integration of autonomous AI agents into the financial ecosystem is poised to revolutionize trading, investing, and decentralized finance (DeFi) participation over the next decade. These AI agents, equipped with advanced algorithms and machine learning capabilities, will enhance decision-making processes, optimize trading strategies, and improve user experiences in DeFi platforms. |  | #### Enhanced Decision-Making | Autonomous AI agents will significantly improve decision-making in trading and investing. By analyzing vast amounts of market data, including historical trends, real-time price movements, and sentiment analysis, these agents can identify profitable opportunities with greater accuracy than human traders. For instance, in the context of the DEFI token, which currently shows a neutral trend with no price movement, an AI agent could analyze underlying factors influencing this stagnation and suggest optimal entry or exit points based on predictive modeling. |  | #### Algorithmic Trading | The rise of autonomous AI agents will lead to the proliferation of algorithmic trading strategies. These agents can execute trades at high speeds and volumes, capitalizing on minute price fluctuations that human traders might miss. Over the next decade, we can expect a shift towards fully automated trading systems where AI agents operate independently, continuously learning and adapting to market conditions. This will not only enhance profitability but also reduce the emotional biases that often affect human traders. |  | #### Improved Risk Management | AI agents will also play a crucial role in risk management. By employing sophisticated risk assessment models, these agents can evaluate the potential risks associated with various trading strategies and investment portfolios. They can dynamically adjust positions based on real-time market conditions, thereby minimizing losses during volatile periods. In the DeFi space, where risks can be amplified due to smart contract vulnerabilities and market fluctuations, AI-driven risk management tools will be invaluable. |  | #### Democratization of DeFi Participation | The participation in DeFi will become more accessible due to autonomous AI agents. These agents can assist users in navigating complex DeFi protocols, providing personalized investment strategies based on individual risk tolerance and financial goals. As a result, even those with limited knowledge of blockchain technology and financial markets will be able to engage in DeFi activities confidently. |  | #### Regulatory Compliance and Security | As the DeFi landscape evolves, regulatory compliance and security will become paramount. Autonomous AI agents can help ensure that trading practices adhere to regulatory standards by monitoring transactions and flagging suspicious activities. Additionally, they can enhance security measures by identifying potential vulnerabilities in smart contracts and suggesting improvements. |  | #### Conclusion | In conclusion, the next decade will witness a profound transformation in trading, investing, and DeFi participation driven by autonomous AI agents. These agents will enhance decision-making, optimize trading strategies, improve risk management, democratize access to DeFi, and bolster regulatory compliance and security. As the technology matures, stakeholders in the financial ecosystem must adapt to these changes to harness the full potential of AI in shaping the future of finance. |  | Risk Disclosure: Predictions are for reference only, not investment advice. Investing involves risks; please make decisions cautiously.For any inquiries about Bybit's products and services, please contact Bybit Help Center or Bybit Customer Service.
12b27d476ca82cb049dd87c674cd61c3	106	@TooBit_announcements	1	1	{180034}	97	HIGH	TRADING_SYSTEM_CONTRACT	CLIENT	8072722	995	https://t.me/Toobit_announcements/4914	2026-07-30 02:13:23+00	2026-09-15 20:01:52.731459+00	LATIN_SCRIPT	🚀 Markets never stop moving, Your strategy shouldn't either |  | Trading opportunities are constantly changing, and your strategy needs the right tools to keep up. |  | With the upgraded Futures Grid Bot, enjoy enhanced automation, smarter execution, and improved risk controls to help optimize your trading experience. 📈 |  | Set your strategy, automate your moves, and stay ready for every market condition. |  | Learn more and get started 👇 | https://bit.ly/4ft5GzH	🚀 Markets never stop moving, Your strategy shouldn't either |  | Trading opportunities are constantly changing, and your strategy needs the right tools to keep up. |  | With the upgraded Futures Grid Bot, enjoy enhanced automation, smarter execution, and improved risk controls to help optimize your trading experience. 📈 |  | Set your strategy, automate your moves, and stay ready for every market condition. |  | Learn more and get started 👇 | https://bit.ly/4ft5GzH
818a70d85bfb410b54a8314425168395	22	@jobstash	1	1	{6701}	97	HIGH	TRADING_SYSTEM_CONTRACT	RECRUITER	264164	754	https://t.me/jobstash/21742	2025-12-17 09:00:14+00	2026-09-14 19:16:43.091048+00	LATIN_SCRIPT	Arrakis Finance is hiring a hybrid Backend Engineer - Market Making in Zug, Switzerland |  | Arrakis is looking for a Backend Engineer Market Making to develop backend infrastructure for market making operations, create on-chain trading strategies and improve market making performance across chains. |  | 🤓 Uniswap | UDP | TCP/IP | protocol-analysis | trading strategy | liquidity provisioning | smart contract | Docker | Solidity | Google Cloud | Security | Kubernetes | arbitrage | Rust | C++ | ma	Arrakis Finance is hiring a hybrid Backend Engineer - Market Making in Zug, Switzerland |  | Arrakis is looking for a Backend Engineer Market Making to develop backend infrastructure for market making operations, create on-chain trading strategies and improve market making performance across chains. |  | 🤓 Uniswap | UDP | TCP/IP | protocol-analysis | trading strategy | liquidity provisioning | smart contract | Docker | Solidity | Google Cloud | Security | Kubernetes | arbitrage | Rust | C++ | market making | networking | AWS | latency | CEX |  | Job brought to you for free by JobStash |  | Telegram | X | Farcaster
183a12b98388bc888673d7e696a98130	30	@web30job	1	1	{6848}	97	HIGH	QUANT_ENGINEERING_CONTRACT	RECRUITER	269825	805	https://t.me/web30job/759	2025-09-29 09:59:53+00	2026-09-14 19:17:42.411344+00	MIXED	1972 #Vacancy #Вакансия #Developer #Senior #DeFi #Rust #Fulltime #Remote #Удаленно  |  | We are looking for: | ▪️Senior Rust Developer - DeFi Infrastructure | ▪️Senior C++ developer |  | ▪️Senior Rust Developer - DeFi Infrastructure |  | What you’re going to do | ▫️Design, develop, test and maintain various modules of a DeFi trading infrastructure that processes terabytes of on-chain and off-chain market data and produces hundreds of thousands of trades every day | ▫️Implement and optimize MEV (	1972 #Vacancy #Вакансия #Developer #Senior #DeFi #Rust #Fulltime #Remote #Удаленно  |  | We are looking for: | ▪️Senior Rust Developer - DeFi Infrastructure | ▪️Senior C++ developer |  | ▪️Senior Rust Developer - DeFi Infrastructure |  | What you’re going to do | ▫️Design, develop, test and maintain various modules of a DeFi trading infrastructure that processes terabytes of on-chain and off-chain market data and produces hundreds of thousands of trades every day | ▫️Implement and optimize MEV (Maximal Extractable Value) capture mechanisms | ▫️Work in a small team of experienced DeFi and quantitative trading engineers | ▫️Collaborate closely with business-related teams (Quantitative Research, DeFi Strategy, Trade Analytics, Risk Management, etc.) | ▫️Scale the trading system by integrating various DeFi protocols (AMMs) and existing CEX-focused infrastructure | ▫️Have a direct impact on the growth of the company's DeFi trading capabilities |  | Requirements | ▫️Higher education in computer science, or related technical fields | ▫️At least 5 years of commercial programming experience with 2+ years specifically in Rust | ▫️Expert-level Rust knowledge including advanced features (unsafe code when necessary) | ▫️Experience with Rust's ecosystem: tokio, serde, reqwest, etc. | ▫️Detailed understanding of high performance low latency systems | ▫️Experience with asynchronous programming and concurrent systems in Rust | ▫️Proficiency with profiling tools | ▫️Experience with Rust testing framework | ▫️Excellent knowledge of classical algorithms and data structures | ▫️UNIX / Linux proficiency | ▫️Git version control | ▫️Strong understanding of blockchain fundamentals and consensus mechanisms | ▫️Knowledge of AMM DeFi protocols: CPMM and CLMM | ▫️Experience with Anchor smart contract development and auditing | ▫️Contributions to open-source DeFi or blockchain projects is a plus |  | Working conditions | ▫️Remote work from anywhere in the world or from office in Moscow | ▫️A powerful workstation and a laptop | ▫️Flexible work schedule available | ▫️Competitive salary in $ / ₽ / crypto | ▫️Performance-based bonus system | ▫️Coffee, snacks and drinks | ▫️Conference attendance and continued learning budget |  | ▪️Senior C++ developer |  | What you’re going to do | ▫️Design, develop, test and maintain various modules of a trading system that processes terabytes of market data and produces hundreds of thousands of trades every day | ▫️Perform system latency optimizations | ▫️Work in a small team of experienced HFT software engineers | ▫️Collaborate closely with business-related teams (QuantitativeResearch, TradeAnalytics, etc.) | ▫️Scale the trading system by connecting various market instruments (spot, futures, swaps, DeFi, etc.) | ▫️Have a direct impact on the growth of the company |  | Requirements | ▫️Higher education in computer science or related technical fields | ▫️At least 5 years of commercial programming experience | ▫️Modern C++ (we use C++23), STL | ▫️Cmake | ▫️Deep knowledge of network protocols (TCP/IP, UDP) | ▫️Excellent knowledge of classical algorithms and data structures | ▫️Experience with unit testing libraries (Google C++ Testing Framework) | ▫️UNIX / Linux | ▫️Git | ▫️Boost (beast, asio, msm) | ▫️Detailed understanding of high performance low latency systems | ▫️Experience in trading systems development | ▫️Experience in asynchronous programming / multithreading | ▫️Shared memory, lock-free programming | ▫️Experience in performance optimizations including compiler and cache optimizations | ▫️Knowledge of GDB, profilers | ▫️Outstanding results in top programming / math contests is a plus |  | ▪️Working conditions | ▫️Remote work from anywhere in the world or from office in Moscow | ▫️A powerful workstation and a laptop | ▫️Flexible work schedule available | ▫️Salary in $ / ₽ | ▫️Transparent bonus system | ▫️Coffee, snacks and drinks |  | Contacts: @fastforwardhr Please attach your resume to your response |  | Blockchain Hu
c988bbb904ad5696e44bd9ec0c21d382	22	@jobstash	1	1	{6701}	96	HIGH	TRADING_SYSTEM_CONTRACT	RECRUITER	263708	748	https://t.me/jobstash/22203	2026-01-13 09:00:00+00	2026-09-14 19:16:38.419086+00	LATIN_SCRIPT	Crossmint is hiring an onsite Full stack Engineer - Wallets/Minting in NYC / Miami (preferred) |  | Crossmint is looking for a Full stack Engineer to build and scale wallet and minting infrastructure, develop backend services and user facing components, design secure onchain and offchain systems, and own projects end to end. |  | 💵 $150,000 - $210,000 |  | 🤓 onchain | transaction execution | Offchain | Solana | EVM | Indexing | Scalability | JavaScript | TypeScript | Security | backend | minting	Crossmint is hiring an onsite Full stack Engineer - Wallets/Minting in NYC / Miami (preferred) |  | Crossmint is looking for a Full stack Engineer to build and scale wallet and minting infrastructure, develop backend services and user facing components, design secure onchain and offchain systems, and own projects end to end. |  | 💵 $150,000 - $210,000 |  | 🤓 onchain | transaction execution | Offchain | Solana | EVM | Indexing | Scalability | JavaScript | TypeScript | Security | backend | minting | Python | Java | API | blockchain | documentation | wallet | smart contract | transaction |  | Job brought to you for free by JobStash |  | Telegram | X | Farcaster
33343d1a4c35b24074f93235dab5ae1c	32	@rabotaweb3	1	1	{6850}	96	HIGH	TRADING_SYSTEM_CONTRACT	CLIENT	270047	817	https://t.me/rabotaweb3/2512	2026-08-07 14:51:52+00	2026-09-14 19:17:44.883765+00	MIXED	🖥 Нужен Senior AI Software Engineer (C++ / Python / HFT) |  | 📌 О проекте |  | ✔️ Spectral::Technologies — HFT-фонд с опытом работы более 7 лет | ✔️ Разработка инфраструктуры и торговых стратегий для глобальных финансовых рынков | ✔️ Развитие AI-инфраструктуры и агентных инструментов для инженерной команды | ✔️ Работа на стыке HFT, low-latency систем и современных LLM |  | 📌 Задачи |  | ✔️ Решение инженерных HFT-задач с использованием AI-агентов | ✔️ Подключение новых бирж и торговой инфраструкт	🖥 Нужен Senior AI Software Engineer (C++ / Python / HFT) |  | 📌 О проекте |  | ✔️ Spectral::Technologies — HFT-фонд с опытом работы более 7 лет | ✔️ Разработка инфраструктуры и торговых стратегий для глобальных финансовых рынков | ✔️ Развитие AI-инфраструктуры и агентных инструментов для инженерной команды | ✔️ Работа на стыке HFT, low-latency систем и современных LLM |  | 📌 Задачи |  | ✔️ Решение инженерных HFT-задач с использованием AI-агентов | ✔️ Подключение новых бирж и торговой инфраструктуры | ✔️ Исследование биржевых систем и протоколов | ✔️ Оптимизация задержек и производительности | ✔️ Разработка агентной инфраструктуры для инженерной команды | ✔️ Автоматизация внутренних процессов с помощью AI | ✔️ Интеграция LLM в сервисы и инфраструктуру | ✔️ Работа с Tool Use, Structured Output и MCP |  | 📌 Требования |  | ✔️ Senior-level опыт Software Engineering | ✔️ Отличное знание C++17 и выше | ✔️ Уверенное владение Python | ✔️ Ежедневный опыт работы с AI coding agents | ✔️ Практический опыт с Claude Code, Codex, Cursor или аналогичными инструментами | ✔️ Понимание принципов работы LLM на инженерном уровне | ✔️ Понимание контекста, токенов и причин галлюцинаций моделей | ✔️ Готовность отвечать за AI-generated код наравне с написанным вручную | ✔️ Сильная инженерная база и самостоятельность |  | 📌 Условия |  | ✔️ Работа в Дубае | ✔️ Зарплата: $240 000–360 000 net в год | ✔️ Profit Sharing | ✔️ Неограниченный бюджет на AI-токены | ✔️ ДМС со стоматологией | ✔️ Учебные отпуска | ✔️ Performance Coaching | ✔️ Корпоративные мероприятия в разных странах | ✔️ Дополнительные корпоративные бенефиты |  | 📌 Дополнительно |  | ✔️ Возможность пройти сокращённый трек найма через соревнование Low-Latency Data Transfer | ✔️ Призовой фонд соревнования — $12 000 | ✔️ Telegram-бот соревнования: @spectral_challenge_bot |  | 📌 При отклике |  | ✔️ Отправьте резюме |  | ✉️ Контакты |  | Telegram: @daria_spectral |  | #вакансия #aiengineer #softwareengineer #cpp #python #hft #ai #llm #lowlatency #dubai
37acb77ce2e6e26284ffcf254a1bef0e	49	@mevdao	1	1	{19830}	95	HIGH	SOLANA_DEX_BOT_PROJECT	CLIENT	386462	1097	https://t.me/mevdao/51685	2025-11-11 20:00:36+00	2026-09-14 19:47:16.780327+00	LATIN_SCRIPT	I'd like to develop strategy. | In Solana, token price is falling quickly so can't implement stop loss correctly	I'd like to develop strategy. | In Solana, token price is falling quickly so can't implement stop loss correctly
f7d4714539171d570121664416977d00	98	@XTexchange_EN	1	1	{175612}	95	HIGH	COPY_TRADING_PROJECT	CLIENT	7829072	1134	https://t.me/XTexchange_EN/5453540	2026-09-14 15:16:03+00	2026-09-15 19:16:38.399321+00	LATIN_SCRIPT	PSA for everyone active in chat: |  | XT admins will never DM you first or ask you to buy trading software. |  | 'DM for access' posts are classic bait to lead traders into unverified third-party brokers or drainer links. |  | If you want systematic trading, build your own strategy or use XT Copy Trading where track records and risk metrics are verified on-chain and on-exchange. Stay safe out there!	PSA for everyone active in chat: |  | XT admins will never DM you first or ask you to buy trading software. |  | 'DM for access' posts are classic bait to lead traders into unverified third-party brokers or drainer links. |  | If you want systematic trading, build your own strategy or use XT Copy Trading where track records and risk metrics are verified on-chain and on-exchange. Stay safe out there!
109e7ee3ea3c372b667236e009ff44f2	106	@TooBit_announcements	1	1	{180034}	95	HIGH	SOLANA_DEX_BOT_PROJECT	CLIENT	8074461	996	https://t.me/Toobit_announcements/3095	2025-10-12 12:41:07+00	2026-09-15 20:02:09.991491+00	LATIN_SCRIPT	📣New Listing Announcement:  Madlads Strategy (MLSTRAT) is now live on Toobit DEX+! |  | 📈 Trading: Opened | 🔗 Transaction Network: SOL |  | 🔍About Madlads Strategy | On Solana, MLSTRAT uses Madlads NFT sale proceeds to auto-buy and burn tokens, supporting its |  | Learn more about Madlads Strategy here:  X |  | More details👇🏻 | https://www.toobit.com/en-US/announcement/toobit-lists-madlads-strategy-(mlstrat)-on-dex	📣New Listing Announcement:  Madlads Strategy (MLSTRAT) is now live on Toobit DEX+! |  | 📈 Trading: Opened | 🔗 Transaction Network: SOL |  | 🔍About Madlads Strategy | On Solana, MLSTRAT uses Madlads NFT sale proceeds to auto-buy and burn tokens, supporting its |  | Learn more about Madlads Strategy here:  X |  | More details👇🏻 | https://www.toobit.com/en-US/announcement/toobit-lists-madlads-strategy-(mlstrat)-on-dex
56d831b14f0548db485b2400445a93f3	57	@BybitEnglish	1	1	{44347}	95	HIGH	STRATEGY_IMPLEMENTATION	CLIENT	934716	946	https://t.me/BybitEnglish/4342608	2026-06-18 18:37:04+00	2026-09-14 21:44:38.333168+00	LATIN_SCRIPT	### The Role of AI Agents in the Future of Decentralized Finance (DeFi) |  | As the decentralized finance (DeFi) ecosystem continues to evolve, the integration of artificial intelligence (AI) agents is poised to play a transformative role. Here are several key areas where AI can significantly impact DeFi: |  | #### 1. Automated Trading and Market Analysis | AI agents can analyze vast amounts of market data and technical indicators, such as those related to tokens like BTG, to identify trading op	### The Role of AI Agents in the Future of Decentralized Finance (DeFi) |  | As the decentralized finance (DeFi) ecosystem continues to evolve, the integration of artificial intelligence (AI) agents is poised to play a transformative role. Here are several key areas where AI can significantly impact DeFi: |  | #### 1. Automated Trading and Market Analysis | AI agents can analyze vast amounts of market data and technical indicators, such as those related to tokens like BTG, to identify trading opportunities. By employing machine learning algorithms, these agents can predict price movements and execute trades automatically, optimizing returns for investors. The current neutral trend in BTG, for instance, could be analyzed by AI to determine potential future movements based on historical data. |  | #### 2. Risk Assessment and Management | AI can enhance risk assessment in DeFi by evaluating the creditworthiness of borrowers and the potential risks associated with various investment strategies. By analyzing user behavior and market conditions, AI agents can provide real-time risk assessments, helping users make informed decisions and manage their portfolios more effectively. |  | #### 3. Smart Contract Auditing | AI can assist in the auditing of smart contracts, identifying vulnerabilities and ensuring compliance with regulatory standards. This is crucial in a decentralized environment where the security of funds is paramount. AI-driven tools can automate the auditing process, making it faster and more reliable. |  | #### 4. Personalized Financial Services | AI agents can offer personalized financial advice and services tailored to individual user profiles. By analyzing user data and preferences, these agents can recommend investment strategies, lending options, or yield farming opportunities that align with the user's risk tolerance and financial goals. |  | #### 5. Fraud Detection and Prevention | In the DeFi space, where transactions are irreversible and anonymity is prevalent, AI can play a critical role in detecting fraudulent activities. By monitoring transaction patterns and user behavior, AI agents can identify anomalies and flag potential fraud, enhancing the overall security of the ecosystem. |  | #### 6. Liquidity Management | AI can optimize liquidity pools by analyzing market demand and supply dynamics. By predicting shifts in liquidity needs, AI agents can help DeFi platforms maintain adequate liquidity levels, ensuring smooth operations and minimizing slippage for users. |  | ### Conclusion | The integration of AI agents into decentralized finance holds significant promise for enhancing efficiency, security, and user experience. As the DeFi landscape continues to mature, the collaboration between AI technologies and blockchain innovations will likely lead to more sophisticated financial products and services, ultimately driving broader adoption and growth in the sector. The current neutral trend of tokens like BTG serves as a reminder of the importance of data-driven decision-making in this rapidly evolving environment. |  | Risk Disclosure: Predictions are for reference only, not investment advice. Investing involves risks; please make decisions cautiously.For any inquiries about Bybit's products and services, please contact Bybit Help Center or Bybit Customer Service.
0c0a91bf2e1de9e661cc02f5e69ee7cb	18	@web3jobs	1	1	{5828}	93	HIGH	ML_AI_ENGINEERING_CONTRACT	CLIENT	74373	607	https://t.me/web3jobs/198295	2026-06-16 17:57:04+00	2026-09-14 18:42:46.188825+00	LATIN_SCRIPT	🚀 Senior Full Stack AI Engineer | 10+ Years | ivan-portfolio-beige.vercel .app | Helping startups and businesses build AI-powered products, SaaS platforms, and automation systems. |  | 💡 AI Agents & Automation | 🤖 ChatGPT, Claude & RAG | 🌐 Full Stack Web Development | ⚡️ API Integrations | 🔧 Performance Optimization & Bug Fixes | ☁️ Cloud & Scalable Architecture |  | ✅ Available for freelance, contract, and long-term projects. |  | 📩 DM me if you're building something and need an experienced eng	🚀 Senior Full Stack AI Engineer | 10+ Years | ivan-portfolio-beige.vercel .app | Helping startups and businesses build AI-powered products, SaaS platforms, and automation systems. |  | 💡 AI Agents & Automation | 🤖 ChatGPT, Claude & RAG | 🌐 Full Stack Web Development | ⚡️ API Integrations | 🔧 Performance Optimization & Bug Fixes | ☁️ Cloud & Scalable Architecture |  | ✅ Available for freelance, contract, and long-term projects. |  | 📩 DM me if you're building something and need an experienced engineer to help ship it.
58dcd0c5bd4a8c5fc6889ff7b4b500eb	6	@BybitAPI	1	1	{2232}	93	HIGH	BOT_CUSTOMIZATION	CLIENT	35831	183	https://t.me/BybitAPI/372254	2026-07-06 06:55:01+00	2026-09-14 18:33:30.991439+00	LATIN_SCRIPT	the error message is pretty self-explanatory, you've reached the current risk limit: https://bybit-exchange.github.io/docs/v5/market/risk-limit |  | Can you elaborate more, what should i do? | Should i tell my bot to change the leverage or change the position size to maintain leverage?	the error message is pretty self-explanatory, you've reached the current risk limit: https://bybit-exchange.github.io/docs/v5/market/risk-limit |  | Can you elaborate more, what should i do? | Should i tell my bot to change the leverage or change the position size to maintain leverage?
04ab3e3bacf76fa3b4efc39634312d55	109	@bitunixglobal	1	1	{182842}	93	HIGH	TRADING_SYSTEM_CONTRACT	CLIENT	8149519	1006	https://t.me/bitunixglobal/850738	2026-06-06 12:21:47+00	2026-09-15 20:15:51.0298+00	LATIN_SCRIPT	BREAKING: Trading bot accidentally sent 167 ETH worth $300k to a random wallet. |  | The transfer was caused by a software bug, and the bot operator is now seeking a refund through an on-chain public message, asking the recipient to keep a portion as a bounty and return the remaining funds. |  | As of now, the funds have not been returned yet.	BREAKING: Trading bot accidentally sent 167 ETH worth $300k to a random wallet. |  | The transfer was caused by a software bug, and the bot operator is now seeking a refund through an on-chain public message, asking the recipient to keep a portion as a bounty and return the remaining funds. |  | As of now, the funds have not been returned yet.
889534750254782ec5aff2047d81d554	6	@BybitAPI	1	1	{82}	93	HIGH	TRADING_SYSTEM_CONTRACT	CLIENT	37712	196	https://t.me/BybitAPI/367620	2026-05-28 12:27:50+00	2026-09-14 18:34:12.688228+00	LATIN_SCRIPT	404 error messages indicate the external application is trying to access non-existent API endpoints. If you're not the developer of the bot, you need to contact customer support of the third party application you're using. |  | If you're the developer, it means your code is sending requests to API methods that do not exist. In this case, kindly provide the full request example you're sending that results in a 404 error message	404 error messages indicate the external application is trying to access non-existent API endpoints. If you're not the developer of the bot, you need to contact customer support of the third party application you're using. |  | If you're the developer, it means your code is sending requests to API methods that do not exist. In this case, kindly provide the full request example you're sending that results in a 404 error message
7f8f19eb96018e8b0d0cafa2dba97f07	2	@laborxWeb3Jobs	1	1	{2}	93	HIGH	TRADING_SYSTEM_CONTRACT	RECRUITER	22713	78	https://t.me/LaborXWeb3Jobs/15987	2026-07-13 19:49:13+00	2026-09-14 18:30:27.871232+00	LATIN_SCRIPT	🌟 Freelance Opportunity: Crypto Trading Bot Developer |  | 💰 Budget: $200 |  | 🤝 With: Yohans Hayla	🌟 Freelance Opportunity: Crypto Trading Bot Developer |  | 💰 Budget: $200 |  | 🤝 With: Yohans Hayla
5c8baade57ab04d50993b6ec2ad1dacb	42	@talentatweb3	1	1	{6867}	92	HIGH	ML_AI_ENGINEERING_CONTRACT	RECRUITER	274426	872	https://t.me/talentatweb3/1354	2026-02-13 04:05:19+00	2026-09-14 19:18:27.764249+00	LATIN_SCRIPT	🦄Talent@Web3 is hiring for the following roles: |  | 🆕 Web3 Recruiter (Full-Time/Part-time/Freelance) at Talent@Web3 | https://www.careers-page.com/talentweb3/job/LR8Y796X |  | 🆕Operations Manager (AI & Identity Startup, Based in US) | https://talentweb3.careers-page.com/jobs/4b4d38ac-2eae-4af8-8a76-75722f9695f6 |  | Institutional BD (BTC Yield Protocol) - US | https://talentweb3.careers-page.com/jobs/c49476d4-8356-4904-b88d-bd293bc28168 |  | Institutional BD Lead (NYC) | https://talentweb3.care	🦄Talent@Web3 is hiring for the following roles: |  | 🆕 Web3 Recruiter (Full-Time/Part-time/Freelance) at Talent@Web3 | https://www.careers-page.com/talentweb3/job/LR8Y796X |  | 🆕Operations Manager (AI & Identity Startup, Based in US) | https://talentweb3.careers-page.com/jobs/4b4d38ac-2eae-4af8-8a76-75722f9695f6 |  | Institutional BD (BTC Yield Protocol) - US | https://talentweb3.careers-page.com/jobs/c49476d4-8356-4904-b88d-bd293bc28168 |  | Institutional BD Lead (NYC) | https://talentweb3.careers-page.com/jobs/c4574ed6-02e7-4dad-9da0-cc5844f9ca64 |  | Software Engineer, Exchange & Trading Infrastructure (Remote, US) | https://talentweb3.careers-page.com/jobs/533c6afb-b7ea-4b0e-bceb-7847ad7c3347 |  | Product Manager (Equity Perp Dex) | https://talentweb3.careers-page.com/jobs/a707c0b5-d7db-4ca2-95c5-675944f3e8af |  | Trading Systems Engineer (Exchange Infrastructure) | https://talentweb3.careers-page.com/jobs/8ce08277-5ce9-4243-9a89-93b42a804ed2 |  | Site Reliability Engineer (Devops) | https://talentweb3.careers-page.com/jobs/cabe0b65-3270-45dc-9766-c88d1f6da1a4 |  | Senior Smart Contract Developer | https://talentweb3.careers-page.com/jobs/8a99113b-4e7f-48b9-88b7-c80841513189 |  | Software Engineer (Predictions Market, Singapore-Based) | https://talentweb3.careers-page.com/jobs/0da0f58c-f10b-4120-856f-150a266b6aad |  | — | 𝘐𝘯𝘵𝘦𝘳𝘦𝘴𝘵𝘦𝘥? 𝘷𝘪𝘦𝘸 𝘮𝘰𝘳𝘦 𝘳𝘰𝘭𝘦𝘴 𝘸𝘦’𝘳𝘦 𝘩𝘪𝘳𝘪𝘯𝘨 𝘧𝘰𝘳 𝘩𝘦𝘳𝘦 |  | For job opportunities or hiring support, contact @kerffffc.
5bc8e90abe9a7e90a307fce697df24a0	42	@talentatweb3	1	1	{6867}	92	HIGH	ML_AI_ENGINEERING_CONTRACT	RECRUITER	274412	871	https://t.me/talentatweb3/1368	2026-02-20 04:00:49+00	2026-09-14 19:18:27.689338+00	LATIN_SCRIPT	🦄Talent@Web3 is hiring for the following roles: |  | 🆕Operations Lead (Tokenized Yield Protocol) | https://talentweb3.careers-page.com/jobs/d90cf1fb-0e50-4aa7-b2a4-5eb2c81a5d42 |  | 🆕Backend Engineer (AI) | https://talentweb3.careers-page.com/jobs/e4923101-1c91-4ccf-8824-a67025673c1a |  | Web3 Recruiter (Full-Time/Part-time/Freelance) at Talent@Web3 | https://www.careers-page.com/talentweb3/job/LR8Y796X |  | Operations Manager (AI & Identity Startup, Based in US) | https://talentweb3.careers-pag	🦄Talent@Web3 is hiring for the following roles: |  | 🆕Operations Lead (Tokenized Yield Protocol) | https://talentweb3.careers-page.com/jobs/d90cf1fb-0e50-4aa7-b2a4-5eb2c81a5d42 |  | 🆕Backend Engineer (AI) | https://talentweb3.careers-page.com/jobs/e4923101-1c91-4ccf-8824-a67025673c1a |  | Web3 Recruiter (Full-Time/Part-time/Freelance) at Talent@Web3 | https://www.careers-page.com/talentweb3/job/LR8Y796X |  | Operations Manager (AI & Identity Startup, Based in US) | https://talentweb3.careers-page.com/jobs/4b4d38ac-2eae-4af8-8a76-75722f9695f6 |  | Institutional BD (BTC Yield Protocol) - US | https://talentweb3.careers-page.com/jobs/c49476d4-8356-4904-b88d-bd293bc28168 |  | Software Engineer, Exchange & Trading Infrastructure (Remote, US) | https://talentweb3.careers-page.com/jobs/533c6afb-b7ea-4b0e-bceb-7847ad7c3347 |  | Product Manager (Equity Perp Dex) | https://talentweb3.careers-page.com/jobs/a707c0b5-d7db-4ca2-95c5-675944f3e8af |  | Trading Systems Engineer (Exchange Infrastructure) | https://talentweb3.careers-page.com/jobs/8ce08277-5ce9-4243-9a89-93b42a804ed2 |  | Site Reliability Engineer (Devops) | https://talentweb3.careers-page.com/jobs/cabe0b65-3270-45dc-9766-c88d1f6da1a4 |  | Senior Smart Contract Developer | https://talentweb3.careers-page.com/jobs/8a99113b-4e7f-48b9-88b7-c80841513189 |  | Software Engineer (Predictions Market, Singapore-Based) | https://talentweb3.careers-page.com/jobs/0da0f58c-f10b-4120-856f-150a266b6aad |  | — | 𝘐𝘯𝘵𝘦𝘳𝘦𝘴𝘵𝘦𝘥? 𝘷𝘪𝘦𝘸 𝘮𝘰𝘳𝘦 𝘳𝘰𝘭𝘦𝘴 𝘸𝘦’𝘳𝘦 𝘩𝘪𝘳𝘪𝘯𝘨 𝘧𝘰𝘳 𝘩𝘦𝘳𝘦 |  | For job opportunities or hiring support, contact @kerffffc.
01780e72b398aff8af865388c42c0ad5	9	@solana_jobs	1	1	{4673}	91	HIGH	TRADING_SYSTEM_CONTRACT	RECRUITER	59071	431	https://t.me/solana_jobs/10378	2025-10-31 20:24:00+00	2026-09-14 18:39:30.218102+00	LATIN_SCRIPT	Hi! Our startup is looking for developers for a Solana DEX: |  | Solana Smart Contract Engineer (Rust) Mid-Senior |  | $3,000 - $7,000 + equity (tokens and shares) |  | Responsibilities: |  | Design and implement the core Solana on-chain logic: |  | Leverage execution |  | Position management |  | Liquidation triggers |  | Pool mechanics for a single trading pair |  | Write unit tests and simulate testnet trading activity. |  | Optimize compute unit consumption and ensure transaction efficiency.	Hi! Our startup is looking for developers for a Solana DEX: |  | Solana Smart Contract Engineer (Rust) Mid-Senior |  | $3,000 - $7,000 + equity (tokens and shares) |  | Responsibilities: |  | Design and implement the core Solana on-chain logic: |  | Leverage execution |  | Position management |  | Liquidation triggers |  | Pool mechanics for a single trading pair |  | Write unit tests and simulate testnet trading activity. |  | Optimize compute unit consumption and ensure transaction efficiency. |  | Requirements: |  | 3+ years of Rust experience. |  | Proven experience with Solana Program Library (SPL) and Anchor framework. |  | Strong understanding of token accounts, PDAs, CPI calls, and security best practices. |  | Experience debugging on-chain programs and deploying to Solana devnet/testnet. |  | Mid-Senior level. |  | DM with CV and experience
92d4936529c92240c12a93de2a9d7dcc	81	@BingXAnnouncement	1	1	{128698}	87	HIGH	TRADING_SYSTEM_CONTRACT	CLIENT	5900865	989	https://t.me/BingXAnnouncement/4459	2025-09-23 03:47:22+00	2026-09-15 13:11:04.240158+00	LATIN_SCRIPT	🚨 Market Frontline: |  | 1️⃣ Followin 3.0 is now live! The first “intelligent media platform” for crypto just launched with 4 powerful new features — arguably one of the best tools to assist your trading decisions. Download and try it here: | 👉 Download |  | 2️⃣  $BTC, $ETH,, and $SOL are showing weakness, while altcoins continue to plunge. Meanwhile, all 3 major U.S. stock indices hit all-time highs, but crypto stocks were mixed, with $BMNR down 10%, leading the losers. FOMO is cooling off fast	🚨 Market Frontline: |  | 1️⃣ Followin 3.0 is now live! The first “intelligent media platform” for crypto just launched with 4 powerful new features — arguably one of the best tools to assist your trading decisions. Download and try it here: | 👉 Download |  | 2️⃣  $BTC, $ETH,, and $SOL are showing weakness, while altcoins continue to plunge. Meanwhile, all 3 major U.S. stock indices hit all-time highs, but crypto stocks were mixed, with $BMNR down 10%, leading the losers. FOMO is cooling off fast. |  | 3️⃣ Yesterday saw $1.66B in long liquidations — the second highest since September 2021. Reminder: deep dips are part of bull markets — trade with caution. |  | 4️⃣ $0G is the meme god of the day — it briefly hit $7 on spot listing and soared to a wild $19.32 on Upbit. Now trading at $5.4, with a market cap of $4.8B. The shorts got wiped — don’t casually short meme coins. |  | 5️⃣ $ASTER rebounded slightly after crashing — first due to a 5% fee discount on contract trading, and then CZ liked a post again. The perp narrative might be gearing up for a second leg. |  | 6️⃣ $PumpBTC pulled off a classic rug: +300% in 2 hours, then dropped from $0.86 to $0.086. Even roller coasters aren’t this wild. |  | 7️⃣ $UXLINK crashed from $0.32 to $0.09 after its multisig wallet was hacked and large amounts were transferred to exchanges. Best to wait until the situation is clarified. |  | 8️⃣ $GIGGLE, a MEME token on BSC, briefly hit $50M market cap before falling back to $27M. The token is loosely linked to CZ’s Giggle Academy education initiative. |  | 9️⃣ PayPal announced an investment in Layer 1 stablecoin project $Stable, which is part of the Tether ecosystem. The stablecoin narrative remains strong—keep watching this space. |  | 🔟 $SKY ↔️ $MKR token redemption now has activated penalties. If you hold $MKR and don’t swap it on-chain, you’ll incur a 1% penalty every 3 months—don’t delay. |  | 🔟1️⃣ Rainbow Wallet will launch its native token $RNBW in Q4. Airdrop details haven't been released yet. Translation: start interacting now. |  | 🔟2️⃣ BiyaPay analyst turns bearish, claiming the treasury hype is peaking, and if projects start selling tokens to cover costs, $BTC could face deep corrections. Another view says: “Rate cuts failed to push BTC higher — maybe this bull run is nearing its end.” |  | 🔟3️⃣ AI Market Outlook: |  | Overall, the market is range-bound, with intense battles across major coins. |  |  $BTC is fluctuating between $111K–$117K, while  $ETH shows strong divergence and net capital outflows. |  | $BNB remains firm but volatile. |  | Short-term sentiment is cautious, with capital favoring majors and BNB ecosystem tokens. |  | Altcoins are under pressure, and the market is waiting for a confirmed pullback and selective rebounds. |  | 🔍 Details |  |  🎁Join BingX and claim 9,800+ USDT welcome gift |  | 🌷Welcome to join our family | BingX Telegram｜BingX Twitter | BingX Discord｜BingX Official Website
92d4936529c92240c12a93de2a9d7dcc	80	@BingXOfficial	1	1	{124356}	87	HIGH	TRADING_SYSTEM_CONTRACT	CLIENT	5898898	988	https://t.me/BingXOfficial/2937203	2025-09-23 03:47:31+00	2026-09-15 13:10:40.837362+00	LATIN_SCRIPT	🚨 Market Frontline: |  | 1️⃣ Followin 3.0 is now live! The first “intelligent media platform” for crypto just launched with 4 powerful new features — arguably one of the best tools to assist your trading decisions. Download and try it here: | 👉 Download |  | 2️⃣  $BTC, $ETH,, and $SOL are showing weakness, while altcoins continue to plunge. Meanwhile, all 3 major U.S. stock indices hit all-time highs, but crypto stocks were mixed, with $BMNR down 10%, leading the losers. FOMO is cooling off fast	🚨 Market Frontline: |  | 1️⃣ Followin 3.0 is now live! The first “intelligent media platform” for crypto just launched with 4 powerful new features — arguably one of the best tools to assist your trading decisions. Download and try it here: | 👉 Download |  | 2️⃣  $BTC, $ETH,, and $SOL are showing weakness, while altcoins continue to plunge. Meanwhile, all 3 major U.S. stock indices hit all-time highs, but crypto stocks were mixed, with $BMNR down 10%, leading the losers. FOMO is cooling off fast. |  | 3️⃣ Yesterday saw $1.66B in long liquidations — the second highest since September 2021. Reminder: deep dips are part of bull markets — trade with caution. |  | 4️⃣ $0G is the meme god of the day — it briefly hit $7 on spot listing and soared to a wild $19.32 on Upbit. Now trading at $5.4, with a market cap of $4.8B. The shorts got wiped — don’t casually short meme coins. |  | 5️⃣ $ASTER rebounded slightly after crashing — first due to a 5% fee discount on contract trading, and then CZ liked a post again. The perp narrative might be gearing up for a second leg. |  | 6️⃣ $PumpBTC pulled off a classic rug: +300% in 2 hours, then dropped from $0.86 to $0.086. Even roller coasters aren’t this wild. |  | 7️⃣ $UXLINK crashed from $0.32 to $0.09 after its multisig wallet was hacked and large amounts were transferred to exchanges. Best to wait until the situation is clarified. |  | 8️⃣ $GIGGLE, a MEME token on BSC, briefly hit $50M market cap before falling back to $27M. The token is loosely linked to CZ’s Giggle Academy education initiative. |  | 9️⃣ PayPal announced an investment in Layer 1 stablecoin project $Stable, which is part of the Tether ecosystem. The stablecoin narrative remains strong—keep watching this space. |  | 🔟 $SKY ↔️ $MKR token redemption now has activated penalties. If you hold $MKR and don’t swap it on-chain, you’ll incur a 1% penalty every 3 months—don’t delay. |  | 🔟1️⃣ Rainbow Wallet will launch its native token $RNBW in Q4. Airdrop details haven't been released yet. Translation: start interacting now. |  | 🔟2️⃣ BiyaPay analyst turns bearish, claiming the treasury hype is peaking, and if projects start selling tokens to cover costs, $BTC could face deep corrections. Another view says: “Rate cuts failed to push BTC higher — maybe this bull run is nearing its end.” |  | 🔟3️⃣ AI Market Outlook: |  | Overall, the market is range-bound, with intense battles across major coins. |  |  $BTC is fluctuating between $111K–$117K, while  $ETH shows strong divergence and net capital outflows. |  | $BNB remains firm but volatile. |  | Short-term sentiment is cautious, with capital favoring majors and BNB ecosystem tokens. |  | Altcoins are under pressure, and the market is waiting for a confirmed pullback and selective rebounds. |  | 🔍 Details |  |  🎁Join BingX and claim 9,800+ USDT welcome gift |  | 🌷Welcome to join our family | BingX Telegram｜BingX Twitter | BingX Discord｜BingX Official Website
8714f3c48c667dea968f85fb9050096b	28	@workers_tg	1	1	{6846}	86	HIGH	ML_AI_ENGINEERING_CONTRACT	CLIENT	269115	791	https://t.me/workers_tg/1468	2026-04-08 10:04:38+00	2026-09-14 19:17:35.773879+00	MIXED	💻 Senior Applied AI Engineer — Market Intelligence | 📍 Удалённо, contractor | 💰 Вилка: обсуждается  |  | 📌 10arx — AI-нативный торговый терминал для prediction markets (Polymarket, Kalshi). Ранняя стадия, маленькая команда, быстрый темп. | 🔗 https://10arx.com/ |  | 💼 Ты строишь AI Market Intelligence систему. Не “чат с LLM” — управляемую систему с routing, retrieval, structured outputs и eval-циклами. Полный ownership. Ты единственный AI-инженер. |  | ❗️Нам не нужен человек, который начнёт с трё	💻 Senior Applied AI Engineer — Market Intelligence | 📍 Удалённо, contractor | 💰 Вилка: обсуждается  |  | 📌 10arx — AI-нативный торговый терминал для prediction markets (Polymarket, Kalshi). Ранняя стадия, маленькая команда, быстрый темп. | 🔗 https://10arx.com/ |  | 💼 Ты строишь AI Market Intelligence систему. Не “чат с LLM” — управляемую систему с routing, retrieval, structured outputs и eval-циклами. Полный ownership. Ты единственный AI-инженер. |  | ❗️Нам не нужен человек, который начнёт с трёхнедельного research или предложит “сначала зафайнтюнить модель”. Сначала baseline, потом итерации. Результат каждые 1–3 дня. |  | 🚀 Задачи | • Routing запросов по use cases, retrieval pipeline, context assembly, structured outputs | • Разбивать сценарии на отдельные pipelines — не один universal agent | • Сравнивать 2–3 подхода на одном кейсе, выбирать по данным | • Eval framework, tracing, логирование промптов / контекста / выходов | • Интеграция внешних data sources (market data, prediction markets, on-chain) |  | 🛠 Обязательно | • 6+ лет разработки, 2+ года с LLM в production | • Python, RAG, orchestration, agent systems, vector DB, evals/tracing | • LangChain / LangGraph / LlamaIndex / DSPy или аналоги | • AI observability (Langfuse или аналоги) | • Опыт в fintech / crypto / DeFi / trading / prediction markets или смежном домене | • Работал в стартапе или маленькой команде — сам строил, не координировал | • AI-инструменты (Cursor, Copilot, Claude) — часть ежедневного workflow | • Можешь рассказать что строил, как работало в проде, почему выбрал этот подход |  | 🚫 Не подойдёт | • Research / academic без production | • Классический ML/DS без LLM-опыта | • Только большие компании — никогда не строил с нуля | • “Сначала надо исследовать” вместо “давайте запустим baseline” | • Домен финансов/трейдинга чужой | • “Модель сама разберётся” — один agent на все запросы |  | 🎯 Условия | • Ownership направления AI / Market Intelligence | • Работа напрямую с CTO и фаундером | • Конкурентная ЗП  |  | 📩 Отклик - заполните Google-форму |  | -> С вами свяжутся в течение 3 рабочих дней.
38ad3c1266ca3783fbf7addec7289903	9	@solana_jobs	1	1	{300}	86	HIGH	ML_AI_ENGINEERING_CONTRACT	CLIENT	58721	397	https://t.me/solana_jobs/11830	2026-04-08 07:00:20+00	2026-09-14 18:39:23.217761+00	MIXED	#вакансия #ai #llm #python #crypto #defi #trading #remote #web3 #ml |  | 🧠 Senior Applied AI Engineer — Market Intelligence |  | 📍 Удалённо, contractor | 💰 Вилка: обсуждается |  | 📌 О проекте |  | 10arx — AI-нативный торговый терминал для prediction markets (Polymarket, Kalshi) | Ранняя стадия, небольшая команда, быстрый темп |  | 🔗 https://10arx.com/ |  | 💼 Роль |  | Разработка AI Market Intelligence системы | Не “чат с LLM”, а полноценная система: routing, retrieval, structured outputs, eval-ц	#вакансия #ai #llm #python #crypto #defi #trading #remote #web3 #ml |  | 🧠 Senior Applied AI Engineer — Market Intelligence |  | 📍 Удалённо, contractor | 💰 Вилка: обсуждается |  | 📌 О проекте |  | 10arx — AI-нативный торговый терминал для prediction markets (Polymarket, Kalshi) | Ранняя стадия, небольшая команда, быстрый темп |  | 🔗 https://10arx.com/ |  | 💼 Роль |  | Разработка AI Market Intelligence системы | Не “чат с LLM”, а полноценная система: routing, retrieval, structured outputs, eval-циклы | Полный ownership — ты единственный AI-инженер |  | ❗️Формат работы |  | Без долгого ресерча и «давайте сначала зафайнтюним» | Сначала baseline → дальше итерации | Результат каждые 1–3 дня |  | 🚀 Задачи |  | — Routing запросов по use cases | — Построение retrieval pipeline и context assembly | — Structured outputs | — Разделение сценариев на отдельные pipelines | — Сравнение подходов (2–3 решения на кейс) | — Построение eval framework, tracing и логирования | — Интеграция внешних data sources (market data, on-chain, prediction markets) |  | 🛠 Требования |  | — 6+ лет разработки, 2+ года с LLM в production | — Python, RAG, orchestration, agent systems, vector DB | — Опыт с evals / tracing | — LangChain / LangGraph / LlamaIndex / DSPy | — AI observability (Langfuse или аналоги) | — Опыт в fintech / crypto / DeFi / trading / prediction markets | — Опыт работы в стартапе / маленькой команде | — Использование AI-инструментов (Cursor, Copilot, Claude) |  | 💡 Важно |  | — Умеешь объяснить, что строил и как это работало в проде | — Понимаешь, почему выбран конкретный подход |  | 🚫 Не подойдёт |  | — Только research / academic | — ML/DS без LLM production | — Опыт только в больших компаниях | — Подход «сначала исследуем» | — Нет опыта в финансовом домене | — Один универсальный агент на всё |  | 🎯 Условия |  | — Полный ownership AI-направления | — Прямое взаимодействие с CTO и фаундером | — Конкурентная ЗП |  | 📩 Отклик через Google-форму | Ответ в течение 3 рабочих дней
5b2be50225d16884adff2ac509efed94	22	@jobstash	1	1	{6701}	86	HIGH	QUANT_ENGINEERING_CONTRACT	RECRUITER	263587	743	https://t.me/jobstash/22325	2026-01-15 01:00:21+00	2026-09-14 19:16:37.332834+00	LATIN_SCRIPT	Polymarket is hiring a remote Developer Relations Manager  |  | Polymarket is looking for a Developer Relations Manager to cultivate developer relationships, guide technical integrations and build strategic partnerships. |  | 🤓 grant management | liquidity provider | ecosystem development | prediction market | quant trading | TypeScript | GraphQL | REST | Python | API | trading | blockchain | business development | partnership | Quantitative finance | smart contract | community | Developer Relat	Polymarket is hiring a remote Developer Relations Manager  |  | Polymarket is looking for a Developer Relations Manager to cultivate developer relationships, guide technical integrations and build strategic partnerships. |  | 🤓 grant management | liquidity provider | ecosystem development | prediction market | quant trading | TypeScript | GraphQL | REST | Python | API | trading | blockchain | business development | partnership | Quantitative finance | smart contract | community | Developer Relations |  | Job brought to you for free by JobStash |  | Telegram | X | Farcaster
1c8c768307896b397bd15dc73cd938e4	12	@careers_crypto	1	1	{332}	86	HIGH	ML_AI_ENGINEERING_CONTRACT	RECRUITER	258952	722	https://t.me/careers_crypto/359	2026-04-08 10:31:55+00	2026-09-14 19:15:49.192942+00	MIXED	#Вакансия #vacancy #remote #AI #LLM #crypto #trading #удаленно |  | Senior Applied AI Engineer — Market Intelligence |  | Формат: удалённо, contractor | ЗП: обсуждается |  | О проекте | • 10arx — AI-нативный торговый терминал для prediction markets (Polymarket, Kalshi) | • Ранняя стадия, небольшая команда, быстрый темп | • Сайт: https://10arx.com/ |  | Роль: | • Разработка AI Market Intelligence системы (не просто LLM-интерфейс, а полноценная архитектура) | • Полный ownership направления | • Еди	#Вакансия #vacancy #remote #AI #LLM #crypto #trading #удаленно |  | Senior Applied AI Engineer — Market Intelligence |  | Формат: удалённо, contractor | ЗП: обсуждается |  | О проекте | • 10arx — AI-нативный торговый терминал для prediction markets (Polymarket, Kalshi) | • Ранняя стадия, небольшая команда, быстрый темп | • Сайт: https://10arx.com/ |  | Роль: | • Разработка AI Market Intelligence системы (не просто LLM-интерфейс, а полноценная архитектура) | • Полный ownership направления | • Единственный AI-инженер в команде | • Фокус: быстрые итерации (baseline → улучшения), без долгого ресерча |  | Задачи: | • Routing запросов по use cases | • Построение retrieval pipeline и context assembly | • Формирование structured outputs | • Разделение сценариев на отдельные pipelines | • Сравнение подходов и выбор решений на основе данных | • Построение eval framework, tracing и логирования | • Интеграция внешних data sources (market data, on-chain, prediction markets) |  | Требования: | • 6+ лет разработки, 2+ года с LLM в production | • Python, RAG, orchestration, agent systems | • Vector DB, evals, tracing | • Опыт с LangChain / LangGraph / LlamaIndex / DSPy или аналогами | • AI observability (Langfuse или аналоги) | • Опыт в fintech / crypto / DeFi / trading — обязателен | • Опыт работы в стартапе / маленькой команде | • Активное использование AI-инструментов (Cursor, Copilot, Claude) | • Умение объяснить архитектурные решения и production-кейсы |  | Не подойдет, если: | • Только research / academic опыт | • Нет опыта с LLM в production | • Только крупные компании, без опыта “с нуля” | • Подход “сначала исследуем”, без быстрых запусков | • Нет опыта в финансовом домене | • Универсальный agent вместо архитектурного подхода |  | Условия: | • Полный ownership AI-направления | • Прямое взаимодействие с CTO и фаундером | • Конкурентная оплата |  | Контакты: заполните Google-форму (ответ в течение 3 рабочих дней) |  | Крипто Вакансии: @careers_crypto | Диджитал Вакансии: @careers_digital
8fd93b59c4ae80cef5769839254b4920	11	@cryptoheadhunter	1	1	{331}	84	HIGH	STRATEGY_IMPLEMENTATION	CLIENT	60111	1098	https://t.me/cryptoheadhunter/5755	2026-01-19 13:08:00+00	2026-09-14 18:39:44.373172+00	MIXED	#RemoteWork #FullTime #C #QuantitativeTrading #Crypto #Trading #Fintech #HFT #AlgoTrading #arbitrage #вакансия |  | 🚀 Crypto arbitrage & MEV bot developer |  | Формат: удалённая работа, полный рабочий день | Компенсация: обсуждается индивидуально по итогам собеседования | Локация: по всему миру | Компания: Cicada  |  | Что вы будете делать: | -Создавать алгоритмы, автоматизировать, оптимизировать порядок MEV транзакций. | -Аналиризовать ценовые разницы, автоматизировать исполнение сделок через с	#RemoteWork #FullTime #C #QuantitativeTrading #Crypto #Trading #Fintech #HFT #AlgoTrading #arbitrage #вакансия |  | 🚀 Crypto arbitrage & MEV bot developer |  | Формат: удалённая работа, полный рабочий день | Компенсация: обсуждается индивидуально по итогам собеседования | Локация: по всему миру | Компания: Cicada  |  | Что вы будете делать: | -Создавать алгоритмы, автоматизировать, оптимизировать порядок MEV транзакций. | -Аналиризовать ценовые разницы, автоматизировать исполнение сделок через смарт-контракты. | -Анализировать цены, создавать мосты, скрипты и ботов для мгновенного перемещения активов. | -Делать арбитраж CEX/DEX |  | Требования: | -Более 3 лет практического опыта алгоритмической торговли на CEX/DEX на основе MEV | -Отличные навыки программирования на Python/Go/Rust или C++ (чистый код, основанный на тестировании) | -Проверенные стратегии MEV: поисковые потоки, бэкраннинг, защита сэндвича | -Глубокие знания частных RPC-интерфейсов и API для построения блоков (Flashbots, MEV-Boost и др.) | -Разработка и развертывание интеллектуальных ботов для маршрутизации ордеров и поиска ликвидности в продакшене | -Уверенное понимание экономики газа, динамики мемпулов, обработки ревертов и контроля рисков в блокчейне |  | Мы предлагаем: | -Полностью удалённую работу из любой точки мира | -Гибкий график | -Команду опытных специалистов из ведущих компаний в сфере финтеха/крипты/HFT | -Компенсацию за оборудование и необходимые инструменты |  | 📩 Контакт: @cicada_mk
6cb4fa89fb3369a0088e5b5ac67e9d81	110	@KCEX_English	1	1	{54651}	84	HIGH	SOLANA_DEX_BOT_PROJECT	CLIENT	8326934	1092	https://t.me/KCEX_English/905083	2026-05-25 19:54:34+00	2026-09-15 20:50:31.725484+00	LATIN_SCRIPT	TrapDoor Malware Targets Crypto Devs Across Aptos, Sui & Solana |  | Researchers at Socket Security uncovered a TrapDoor malware campaign spanning npm, PyPI, and Crates io, with 34+ malicious packages across 384+ versions targeting crypto developer environments. |  | The packages impersonate tools for ecosystems like Aptos, Sui, and Solana, using names such as sui-framework-helpers and move-project-builder. They trigger automatically via install hooks, Python imports, and Rust build scripts. |  	TrapDoor Malware Targets Crypto Devs Across Aptos, Sui & Solana |  | Researchers at Socket Security uncovered a TrapDoor malware campaign spanning npm, PyPI, and Crates io, with 34+ malicious packages across 384+ versions targeting crypto developer environments. |  | The packages impersonate tools for ecosystems like Aptos, Sui, and Solana, using names such as sui-framework-helpers and move-project-builder. They trigger automatically via install hooks, Python imports, and Rust build scripts. |  | Once executed, the malware steals SSH keys, wallet keystores, AWS credentials, GitHub tokens, and browser login data from developer machines. |  | Researchers say the packages were deployed in coordinated waves across multiple accounts, with rapid publishing across registries. The campaign is low-volume but high-impact due to its focus on crypto dev environments holding sensitive credentials. |  | #news
80ddf10905f8b6e39c900d2cfbcbe613	9	@solana_jobs	1	1	{4618}	82	HIGH	SOLANA_DEX_BOT_PROJECT	CLIENT	58879	414	https://t.me/solana_jobs/11242	2026-01-22 08:03:26+00	2026-09-14 18:39:27.113795+00	MIXED	#вакансия Backend Team Lead | Remote  | #Solana #Rust #Python #Remote |  | We’re looking for an experienced Backend Team Lead to stabilize and scale a production-grade Web3 backend with real on-chain activity. This role is ideal for a senior-level engineer with deep hands-on expertise and mature leadership skills, who is ready to own backend systems end-to-end from architecture and processes to production stability and team growth. |  | ✔️ Salary: Competitive, based on experience | ✔️ Format: Re	#вакансия Backend Team Lead | Remote  | #Solana #Rust #Python #Remote |  | We’re looking for an experienced Backend Team Lead to stabilize and scale a production-grade Web3 backend with real on-chain activity. This role is ideal for a senior-level engineer with deep hands-on expertise and mature leadership skills, who is ready to own backend systems end-to-end from architecture and processes to production stability and team growth. |  | ✔️ Salary: Competitive, based on experience | ✔️ Format: Remote, full-time. | ✔️ About the role: You’ll design, develop, and maintain backend systems powering Solana-based Web3 products in production. Your focus will be on stabilizing backend infrastructure, systematically reducing bugs, and introducing strong engineering culture and ownership. You’ll work closely with smart contracts, Solana RPC infrastructure, and high-load on-chain data streams, while leading architectural decisions and mentoring a growing engineering team. We are not considering candidates with surface-level Web3 experience. |  | ✔️ Key Responsibilities: | • Design and own backend architecture for Solana Web3 products | • Stabilize backend systems and eliminate recurring production issues | • Reduce bugs systemically through architecture, processes, and tooling | • Introduce and enforce engineering culture, quality, and accountability | • Lead code reviews, architectural decisions, and technical standards | • Organize and improve development processes | • Handle incidents and perform root cause analysis | • Scale the backend team and mentor engineers | • Collaborate with smart contract, product, and Web3 teams |  | ✔️ Key Qualifications: | • Senior-level hands-on backend engineer with team leadership experience | • Proven experience leading a backend team (task planning, code reviews, mentoring) | • Strong background in high-load or complex backend systems | • Ability to make technical and architectural decisions within the team | • Deep understanding of backend system design, scalability, and reliability | • Strong ownership mindset and responsibility for backend delivery | Required Blockchain / Solana Experience: | • Strong hands-on experience with Rust in production environments | • Experience developing and maintaining Solana smart contracts (programs) | • Hands-on experience working with Solana RPC | • Practical experience with on-chain data subscriptions and streaming | • Experience working with Geyser or similar on-chain data pipelines | • Confident understanding of on-chain activities and data flows | • Experience integrating Solana protocols (e.g. Jupiter) | Backend & Infrastructure Stack: | • Rust (Solana programs, on-chain logic) | • Python, TypeScript (backend services, integrations) | • FastAPI, Celery | • Redis, PostgreSQL | • Docker | • Web3.py, Solana Web3.js | Smart Contracts & Backend Integration: | • Hands-on development and maintenance of smart contracts in Rust | • Integration of smart contracts with backend services | • Understanding of smart contract lifecycle, deployment, and upgrades | • Ability to design backend systems considering on-chain constraints | (latency, fees, throughput, consistency) | Nice to Have: | • Experience with rain.xyz and bridge.xyz,  | • Experience working in crypto / DeFi / Web3 products at scale |  |  | ✔️ Benefits: | • High-impact role in a production Web3 product with real users | • Ownership over backend architecture and technical direction | • Influence on engineering culture, processes, and team growth | • Fully remote and flexible work environment |  |  | ✔️ Contact Information: | @snegurooos
1d90aad1276fc0cddd9bbc67f34e49f5	22	@jobstash	1	1	{6701}	81	HIGH	TRADING_SYSTEM_CONTRACT	RECRUITER	262527	739	https://t.me/jobstash/23391	2026-03-21 14:26:21+00	2026-09-14 19:16:26.507136+00	LATIN_SCRIPT	Humaniq is hiring a Project Manager  |  | Humaniq is looking for a Project Manager to draft TOR, monitor implementation and deadlines, assess sub-project budgets and develop projects according to user requests. |  | 🤓 token | decentralized exchange | airdrop | crowdfunding | product requirements | budgeting | trading bot | analytics | blockchain | project management | smart contract | team management | cryptocurrency | token exchange |  | Job brought to you for free by JobStash |  | Telegram | X	Humaniq is hiring a Project Manager  |  | Humaniq is looking for a Project Manager to draft TOR, monitor implementation and deadlines, assess sub-project budgets and develop projects according to user requests. |  | 🤓 token | decentralized exchange | airdrop | crowdfunding | product requirements | budgeting | trading bot | analytics | blockchain | project management | smart contract | team management | cryptocurrency | token exchange |  | Job brought to you for free by JobStash |  | Telegram | X
1608bfd949e0418b95b5bdbc5d79e9ab	55	@BinanceExchange	1	1	{20666}	81	HIGH	BOT_REPAIR	CLIENT	535325	943	https://t.me/binanceexchange/19812011	2026-04-11 18:28:30+00	2026-09-14 20:23:28.477495+00	LATIN_SCRIPT	@Kerrbox Sir I had answered 11  questions before 12th challenge was posted. 10 are right this was my accuracy before but after new challenge has posted and bot error why my accuracy be dropped? Please fix this too	@Kerrbox Sir I had answered 11  questions before 12th challenge was posted. 10 are right this was my accuracy before but after new challenge has posted and bot error why my accuracy be dropped? Please fix this too
1ccb8925606e5e2a7bd4d089453020e1	47	@cTrader_bots	1	1	{19313}	81	HIGH	TRADING_SYSTEM_CONTRACT	CLIENT	383256	1132	https://t.me/cTrader_bots/67776	2026-09-14 07:26:56+00	2026-09-14 19:46:40.941875+00	LATIN_SCRIPT	Looking for a reliable EA or HFT trading bot? 🤖📈 |  | My EA is compatible with MT4 & MT5 and is designed with smart strategies, disciplined risk management, and a focus on consistent performance. |  | 🔹 Prop Firm Challenges — structured strategies designed to help you trade with confidence | 🔹 Live Trading Accounts — disciplined risk management and automated execution | 🔹 Verified Results — performance results available for review | 🔹 MT4 & MT5 Compatible — easy to connect and operate |  | I als	Looking for a reliable EA or HFT trading bot? 🤖📈 |  | My EA is compatible with MT4 & MT5 and is designed with smart strategies, disciplined risk management, and a focus on consistent performance. |  | 🔹 Prop Firm Challenges — structured strategies designed to help you trade with confidence | 🔹 Live Trading Accounts — disciplined risk management and automated execution | 🔹 Verified Results — performance results available for review | 🔹 MT4 & MT5 Compatible — easy to connect and operate |  | I also offer account management by connecting the EA directly to your trading account, with a profit-sharing arrangement. |  | Trade smarter. Manage risk better. Let automation do the work. 📊 |  | 📩 DM me to learn more and see verified results. |  | Trading involves risk, and past performance does not guarantee future results.
1d19634c52805373b0c9148a73f051dd	70	@CoinExOfficialEN	1	1	{119702}	81	HIGH	TRADING_SYSTEM_CONTRACT	CLIENT	5480092	982	https://t.me/CoinExOfficialEN/1655494	2026-03-20 09:10:27+00	2026-09-15 11:47:14.139058+00	LATIN_SCRIPT	Hello. A few days ago I transferred a large amount of Tether from Trust Wallet to the Coinex exchange. |  | First, I transferred 10 Tethers for testing by scanning the QR code address of Coinex. | And it was successfully transferred to the exchange.  |  | Then I transferred 14,700 Tether, this time by scanning the CoinEx crypto address. But it was transferred to another account.  |  | I checked the transaction hashes and it said the contract creator was coinx Developer  |  | We asked a few peopl	Hello. A few days ago I transferred a large amount of Tether from Trust Wallet to the Coinex exchange. |  | First, I transferred 10 Tethers for testing by scanning the QR code address of Coinex. | And it was successfully transferred to the exchange.  |  | Then I transferred 14,700 Tether, this time by scanning the CoinEx crypto address. But it was transferred to another account.  |  | I checked the transaction hashes and it said the contract creator was coinx Developer  |  | We asked a few people and they said maybe the robot sensed something and quickly changed the address.  |  | Is there anyone who can guide me and explain where the problem is? And how is it possible to return?
35a6e0de4237213953aba2279309fa43	22	@jobstash	1	1	{6701}	81	HIGH	TRADING_SYSTEM_CONTRACT	RECRUITER	265864	773	https://t.me/jobstash/19914	2025-09-30 17:00:05+00	2026-09-14 19:17:02.394449+00	LATIN_SCRIPT	Coins.ph is hiring an onsite Senior Application Security Expert in Shenzhen |  | Coins is looking for a Senior Application Security Expert to secure exchange systems wallets and market making infrastructure and lead smart contract auditing and blockchain threat governance. |  | 🤓 API | Wallet | incident response | AI | Foundry | logging | anomaly detection | code audit | application security | security engineering | Spark | offensive security | Market making | Elasticsearch | exchange | blockcha	Coins.ph is hiring an onsite Senior Application Security Expert in Shenzhen |  | Coins is looking for a Senior Application Security Expert to secure exchange systems wallets and market making infrastructure and lead smart contract auditing and blockchain threat governance. |  | 🤓 API | Wallet | incident response | AI | Foundry | logging | anomaly detection | code audit | application security | security engineering | Spark | offensive security | Market making | Elasticsearch | exchange | blockchain security | smart contract auditing | big data | graph database | risk control |  | Job brought to you for free by JobStash |  | Telegram | X | Farcaster
3bab5a63aadb4a4b5d642d4bdb85d0c1	32	@rabotaweb3	1	1	{6850}	81	HIGH	ML_AI_ENGINEERING_CONTRACT	CLIENT	270111	825	https://t.me/rabotaweb3/2446	2026-04-30 13:29:35+00	2026-09-14 19:17:45.583621+00	MIXED	🖥 Нужен AI Specialist / AI Engineer (Funnels / Chatterfy) |  | 📌 О проекте |  | ✔️ Работа с AI-воронками и автоматизацией продаж; | ✔️ Фокус на повышении эффективности сейлз-отдела; | ✔️ Оптимизация обработки лидов и внедрение AI-логики. |  | ➡️ Роль подойдёт специалисту, который умеет строить и оптимизировать AI-воронки и работать с промтами. |  | 📌 Задачи |  | ✔️ Оптимизация работы сейлз-отдела через AI-инструменты; | ✔️ Доработка и улучшение текущих воронок; | ✔️ Повышение качества обработки 	🖥 Нужен AI Specialist / AI Engineer (Funnels / Chatterfy) |  | 📌 О проекте |  | ✔️ Работа с AI-воронками и автоматизацией продаж; | ✔️ Фокус на повышении эффективности сейлз-отдела; | ✔️ Оптимизация обработки лидов и внедрение AI-логики. |  | ➡️ Роль подойдёт специалисту, который умеет строить и оптимизировать AI-воронки и работать с промтами. |  | 📌 Задачи |  | ✔️ Оптимизация работы сейлз-отдела через AI-инструменты; | ✔️ Доработка и улучшение текущих воронок; | ✔️ Повышение качества обработки лидов; | ✔️ Настройка AI-реплаев и роутингов; | ✔️ Поиск и устранение ошибок в воронках; | ✔️ Создание новых AI-воронок под задачи команды; | ✔️ Оптимизация и улучшение AI-промтов. |  | 📌 Требования |  | ✔️ От 6 месяцев релевантного опыта с кейсами; | ✔️ Понимание Chatterfy и работы с AI-логикой; | ✔️ Опыт построения и оптимизации воронок; | ✔️ Понимание работы AI-моделей и промт-инжиниринга; | ✔️ Системное мышление и внимательность; | ✔️ Умение анализировать ошибки и предлагать решения; | ✔️ Навык аргументировать свои решения. |  | 📌 Условия |  | ✔️ Полностью удалённый формат; | ✔️ Доход: фикс + бонусы; | ✔️ График: 6/1; | ✔️ Еженедельные выплаты в криптовалюте; | ✔️ Подписание NDA. |  | ✉️ Контакты: |  | Telegram: @HRInsideFam |  | #вакансия #ai #aiengineer #aispecialist #remote
53bbfc6f69248dba544ed900ffbcf2d8	58	@Bybit_Announcements	1	1	{61291}	81	HIGH	ML_AI_ENGINEERING_CONTRACT	CLIENT	1223259	953	https://t.me/Bybit_Announcements/7929	2025-12-08 08:00:00+00	2026-09-14 22:39:55.465128+00	LATIN_SCRIPT	📣 Coming Soon to Bybit Spot: Almanak ($ALMANAK) |  | ✍️ Almanak's AI makes advanced quant trading accessible to all, replacing the need for developers and quants and bringing hedge-fund firepower to everyone.  |  | Your personal AI Quant team for crypto has arrived ⚡️ |  | Stay tuned for more! 👀  |  | 👉 Sign Up via Bybit Mini app 👈 |  | #Bybit #CryptoArk	📣 Coming Soon to Bybit Spot: Almanak ($ALMANAK) |  | ✍️ Almanak's AI makes advanced quant trading accessible to all, replacing the need for developers and quants and bringing hedge-fund firepower to everyone.  |  | Your personal AI Quant team for crypto has arrived ⚡️ |  | Stay tuned for more! 👀  |  | 👉 Sign Up via Bybit Mini app 👈 |  | #Bybit #CryptoArk
625552c10762f59405e77a61cb15fa49	18	@web3jobs	1	1	{6024}	81	HIGH	TRADING_SYSTEM_CONTRACT	RECRUITER	86973	645	https://t.me/web3jobs/184278	2026-04-10 08:16:28+00	2026-09-14 18:44:55.238791+00	LATIN_SCRIPT	#Resume #Copywriter |  | Position: Senior Content Writer / Copywriter (Web3, Fintech, AI, SaaS) | Location: Remote (Full-time / Part-time) | Experience: 4+ years in the industry (Web3, AI, Fintech) |  | ▪️ Key experience: | • Co-founder / Head of Global Growth & Editor-in-Chief of the English-language version of the crypto media Altcoinlog (In six months, under my leadership, 115+ in-depth articles adapted for the global market were published) | • Copywriter/content writer at eesee.io | • Copywr	#Resume #Copywriter |  | Position: Senior Content Writer / Copywriter (Web3, Fintech, AI, SaaS) | Location: Remote (Full-time / Part-time) | Experience: 4+ years in the industry (Web3, AI, Fintech) |  | ▪️ Key experience: | • Co-founder / Head of Global Growth & Editor-in-Chief of the English-language version of the crypto media Altcoinlog (In six months, under my leadership, 115+ in-depth articles adapted for the global market were published) | • Copywriter/content writer at eesee.io | • Copywriter/content writer at Stripchain | • Senior Content Strategist/Copywriter at Gamety | • Senior SMM Manager at the AI ​​trading bot AssetSwap | • Growth Manager at Astrena AI |  | ▪️ How I can contribute to the project: | • I write articles, Longreads, technical reviews, website content, and CRM communications in English | • I create onboarding chains, product newsletters, and push notifications that retain users | • I shape the brand's tone of voice on social media (X, TG), write threads and posts |  | ▪️About me: | • English - C1 (I have experience running X Spaces in English) | • Positivity☀️ | • My brain is a generator of creative ideas | • I love to see things through to completion | • 4 years in the crypto industry | • Always open to learning |  | Dm me for my full CV - @pollyphelony
7e8534b9bcce16190ee232e9239320bd	57	@BybitEnglish	1	1	{45750}	81	HIGH	TRADING_SYSTEM_CONTRACT	CLIENT	1084484	949	https://t.me/BybitEnglish/4116312	2026-03-05 12:23:17+00	2026-09-14 22:12:26.585109+00	LATIN_SCRIPT	One challenge I’ve always had as a trader is consistency. | Not strategy — consistency. | I could plan a trade perfectly and still ruin it by entering too early, moving stops, or reacting emotionally to short-term price movements. So when Bybit introduced trading bots and AI tools, my main curiosity wasn’t “Can this make profit?” but “Can this remove my bad habits?” | After using the Bybit trading bot for a while, I noticed something interesting: it doesn’t just execute trades, it exposes your d	One challenge I’ve always had as a trader is consistency. | Not strategy — consistency. | I could plan a trade perfectly and still ruin it by entering too early, moving stops, or reacting emotionally to short-term price movements. So when Bybit introduced trading bots and AI tools, my main curiosity wasn’t “Can this make profit?” but “Can this remove my bad habits?” | After using the Bybit trading bot for a while, I noticed something interesting: it doesn’t just execute trades, it exposes your discipline level. | When the bot runs, it follows its rules exactly. No hesitation. No second-guessing. Watching that made me realize how often human traders sabotage their own strategies simply by interfering too much. In that sense, the bot becomes less of a profit machine and more of a structure keeper. | What Bybit did well here is accessibility. The bot setup isn’t overly technical, which means you don’t need to be a quant trader to use it. At the same time, it still provides enough parameters to give users control over how their capital is deployed. | However, one thing that could improve is contextual guidance. The bot works best under certain market conditions, but many users might not realize when those conditions exist. A simple system that highlights whether the current market favors a particular bot strategy would make the tool much smarter. | Regarding TradeGPT and Lens, they’re useful for insight, but they still feel like separate tools rather than part of a connected ecosystem. Ideally, AI analysis should guide execution more directly — for example, suggesting a bot configuration based on volatility, liquidity, and recent market behavior. | What I appreciate most is that these tools are not trying to replace traders. Instead, they act like guardrails that reduce emotional mistakes. | In trading, avoiding bad decisions is often more important than finding perfect trades. If Bybit continues improving the connection between AI insights and automated execution, these tools could become one of the most practical features on the platform. |  | To round things up, thanks always Bybit for always giving us listening ears always ❤️💯 | #MFS2026
9952ba4b9ce824ecce8daf28cb9df61a	24	@unicastjobs	1	1	{6754}	81	HIGH	ML_AI_ENGINEERING_CONTRACT	RECRUITER	267599	777	https://t.me/unicastjobs/2095	2025-10-16 10:04:27+00	2026-09-14 19:17:19.896723+00	LATIN_SCRIPT	💎 Pass App is hiring! 💎 |  | Pass App is on a mission to ignite financial freedom and true ownership for people everywhere. |  | Position: Senior AI Engineer - Pass App |  | 🕒 Freelance - 📍 Remote |  | Fully remote position 🌍 |  | Share this opening with your friends by clicking on the arrow on the right 👉	💎 Pass App is hiring! 💎 |  | Pass App is on a mission to ignite financial freedom and true ownership for people everywhere. |  | Position: Senior AI Engineer - Pass App |  | 🕒 Freelance - 📍 Remote |  | Fully remote position 🌍 |  | Share this opening with your friends by clicking on the arrow on the right 👉
9952ba4b9ce824ecce8daf28cb9df61a	25	@unicastaicommunity	1	1	{6754}	81	HIGH	ML_AI_ENGINEERING_CONTRACT	RECRUITER	268821	780	https://t.me/unicastaicommunity/41968	2025-10-16 10:04:30+00	2026-09-14 19:17:32.249069+00	LATIN_SCRIPT	💎 Pass App is hiring! 💎 |  | Pass App is on a mission to ignite financial freedom and true ownership for people everywhere. |  | Position: Senior AI Engineer - Pass App |  | 🕒 Freelance - 📍 Remote |  | Fully remote position 🌍 |  | Share this opening with your friends by clicking on the arrow on the right 👉	💎 Pass App is hiring! 💎 |  | Pass App is on a mission to ignite financial freedom and true ownership for people everywhere. |  | Position: Senior AI Engineer - Pass App |  | 🕒 Freelance - 📍 Remote |  | Fully remote position 🌍 |  | Share this opening with your friends by clicking on the arrow on the right 👉
9caede59cf5120708d9b64f7b9af29f8	26	@blockchain_job	1	1	{6845}	81	HIGH	ML_AI_ENGINEERING_CONTRACT	RECRUITER	268971	781	https://t.me/blockchain_job/1853	2026-06-16 13:14:18+00	2026-09-14 19:17:33.899981+00	LATIN_SCRIPT	#AIENGINEER #BACKEND #GO #FINTECH |  | Junior AI Engineer at UNIGOX (https://www.unigox.com/) |  | Salary: 1000$ |  | Unigox is a startup founded by the co-founder of Paxful. We're building a crypto payment aggregator: B2C users and B2B businesses convert fiat to crypto and back through P2P or licensed local providers operating in their own regions. We currently cover 40+ countries across Africa, Asia, and Europe. |  | We're currently looking for a Junior AI Engineer to help us grow our payment 	#AIENGINEER #BACKEND #GO #FINTECH |  | Junior AI Engineer at UNIGOX (https://www.unigox.com/) |  | Salary: 1000$ |  | Unigox is a startup founded by the co-founder of Paxful. We're building a crypto payment aggregator: B2C users and B2B businesses convert fiat to crypto and back through P2P or licensed local providers operating in their own regions. We currently cover 40+ countries across Africa, Asia, and Europe. |  | We're currently looking for a Junior AI Engineer to help us grow our payment infrastructure. The role is focused on integrating new payment providers into our agent system: each provider connects following the same architecture pattern, so you'll get up to speed fast. What matters most is that you already build with AI tools daily and are comfortable owning a task from requirements to deployment. |  | What you'll be doing: | Integrate new payment providers into the agent system: each follows a standard architecture, you own the integration end to end. | Test your own integrations before they go to production. | Communicate with business stakeholders and external partners to gather and clarify requirements. | Take part in code reviews. | Write technical documentation for the integrations you build. |  | Requirements: | You write, review, and test code using AI tools. This is the primary way we work, not a bonus. | Experience building API integrations. | Able to write clear technical documentation. | Strong communication skills: comfortable talking to partners and business stakeholders, asking the right questions to clarify requirements. | Working proficiency in English: reading documentation, communicating with partners in writing. |  | You'll stand out if: | You have experience in fintech or payments: payment flows, financial systems, compliance basics. | You have a mobile or frontend background. |  | What we offer: | Contract Agreement. | Monthly payments in USDT. | Fully remote work from anywhere in the world. | 11 days paid time off + 5 paid sick days. | Small team with fast and flexible processes. | AI-first approach across everything we do. |  | Contact: @bgrek_IT
bee42af5bc17de6967a5d821d5b15280	57	@BybitEnglish	1	1	{59760}	81	HIGH	BOT_CUSTOMIZATION	CLIENT	1207870	951	https://t.me/BybitEnglish/3867801	2025-10-04 12:19:39+00	2026-09-14 22:37:02.574605+00	LATIN_SCRIPT	Hello Admin please,  |  | I have an issue…I initially registered on Bybit Telegram community using my Old username :(Pegasus_001 ) which I later changed my username to (web3pirateX)  |  | Now, I have won WSOT EVENT 2025 that was just announced this afternoon please will this affect my reward because the bot is not allowing me to change my username to Pegasus_001 back.  |  | Please help me 🙏🏾 |  | My entry username on WSOT is web3pirateX  |  | @ConorWithOneN @pragatigupta1003	Hello Admin please,  |  | I have an issue…I initially registered on Bybit Telegram community using my Old username :(Pegasus_001 ) which I later changed my username to (web3pirateX)  |  | Now, I have won WSOT EVENT 2025 that was just announced this afternoon please will this affect my reward because the bot is not allowing me to change my username to Pegasus_001 back.  |  | Please help me 🙏🏾 |  | My entry username on WSOT is web3pirateX  |  | @ConorWithOneN @pragatigupta1003
6e960dbd5e90052d340fd3903e9dc229	22	@jobstash	1	1	{6701}	80	HIGH	TRADING_SYSTEM_CONTRACT	RECRUITER	263866	752	https://t.me/jobstash/22045	2026-01-12 09:00:00+00	2026-09-14 19:16:40.273262+00	LATIN_SCRIPT	EigenLayer is hiring a remote Forward Deployed Engineer EigenCompute  |  | Eigen Labs is looking for a Forward Deployed Engineer to embed with partners to containerize applications, architect smart contract integrations, and deploy verifiable offchain compute into production. |  | 💵 $155,000 - $220,000 |  | 🤓 developer tools | trusted execution environment | attestation | AI inference | EigenDA | Go | containerization | TypeScript | Rust | Python | Docker | Kubernetes | API | blockchain | smart 	EigenLayer is hiring a remote Forward Deployed Engineer EigenCompute  |  | Eigen Labs is looking for a Forward Deployed Engineer to embed with partners to containerize applications, architect smart contract integrations, and deploy verifiable offchain compute into production. |  | 💵 $155,000 - $220,000 |  | 🤓 developer tools | trusted execution environment | attestation | AI inference | EigenDA | Go | containerization | TypeScript | Rust | Python | Docker | Kubernetes | API | blockchain | smart contract | cloud deployment | EigenVerify | cryptoeconomic security |  | Job brought to you for free by JobStash |  | Telegram | X | Farcaster
e9a1def1e5de726049eb96ef1939e82a	32	@rabotaweb3	1	1	{6850}	80	HIGH	TRADING_SYSTEM_CONTRACT	CLIENT	270082	822	https://t.me/rabotaweb3/2476	2026-06-08 12:52:44+00	2026-09-14 19:17:45.26226+00	MIXED	🖥 Нужен Python Middle+ / Senior Developer (AI / LLM) |  | 📌 О проекте |  | ✔️ Банковский проект в сфере AI и управления рисками | ✔️ Разработка цифровых помощников для анализа инвестиционных портфелей | ✔️ Создание мультиагентной системы для обработки финансовых данных | ✔️ Работа с современными LLM и AI-агентами |  | 📌 Задачи |  | ✔️ Разработка и развитие AI-агентов на базе LLM | ✔️ Построение мультиагентных систем | ✔️ Анализ отчётности эмитентов и финансовых данных | ✔️ Интеграция внешних ист	🖥 Нужен Python Middle+ / Senior Developer (AI / LLM) |  | 📌 О проекте |  | ✔️ Банковский проект в сфере AI и управления рисками | ✔️ Разработка цифровых помощников для анализа инвестиционных портфелей | ✔️ Создание мультиагентной системы для обработки финансовых данных | ✔️ Работа с современными LLM и AI-агентами |  | 📌 Задачи |  | ✔️ Разработка и развитие AI-агентов на базе LLM | ✔️ Построение мультиагентных систем | ✔️ Анализ отчётности эмитентов и финансовых данных | ✔️ Интеграция внешних источников данных и API | ✔️ Разработка RAG-систем и Knowledge Graph | ✔️ Создание backend-сервисов и WebUI для AI-решений | ✔️ Проектирование пайплайнов обработки запросов и ответов | ✔️ Оптимизация производительности и масштабируемости AI-систем |  | 📌 Требования |  | ✔️ Глубокое понимание архитектуры и принципов работы LLM | ✔️ Опыт разработки AI-агентов и multi-agent систем | ✔️ Понимание ML и NLP | ✔️ Опыт работы с LangChain, GigaChain, LangGraph, LangFlow, n8n, Flowise или аналогичными инструментами | ✔️ Опыт проектирования и внедрения RAG-систем | ✔️ Навыки prompt engineering | ✔️ Уверенный Python | ✔️ Понимание REST, WebSocket, JSON-RPC и gRPC | ✔️ Опыт работы с логированием, мониторингом и диагностикой AI-приложений | ✔️ Базовые знания DevOps и CI/CD |  | 📌 Опыт |  | ✔️ Реализация AI-агентов в production-среде | ✔️ Разработка приложений на базе LLM | ✔️ Интеграция баз знаний и внешних API | ✔️ Построение кастомных AI-пайплайнов | ✔️ Оптимизация и масштабирование LLM-систем | ✔️ Опыт командной разработки |  | 📌 Будет плюсом |  | ✔️ Опыт разработки на Java | ✔️ Опыт разработки на Go | ✔️ Опыт разработки на JavaScript | ✔️ Опыт работы с OpenRouter, NeuroAPI, GigaChat, ChatGPT, DeepSeek, Qwen или Mistral |  | 📌 Условия |  | ✔️ Формат: удалённо | ✔️ Full-time | ✔️ Грейд: Middle+ / Senior | ✔️ Зарплата: 260 000–350 000 ₽ net | ✔️ Работа над крупным банковским AI-продуктом | ✔️ Современный стек AI и LLM-технологий |  | ✉️ Контакты |  | Telegram: @reginanurec |  | #вакансия #python #llm #ai #aiengineer #pythondeveloper #remote #fulltime
1087dbfb25ca8afdd6d297546dfcf71e	22	@jobstash	1	1	{6701}	80	HIGH	TRADING_SYSTEM_CONTRACT	RECRUITER	263784	750	https://t.me/jobstash/22127	2026-01-12 13:09:11+00	2026-09-14 19:16:39.255482+00	LATIN_SCRIPT	Native is hiring a remote Back End Engineer  |  | Native is looking for a Back End Engineer to design and implement high-performance backend services and APIs, optimize CI/CD pipelines, and integrate off-chain systems with on-chain programs. |  | 🤓 Bitbucket | GitHub Actions | TypeScript | PostgreSQL | problem solving | Rust | trading system | DevOps | REST | CI/CD | database | Python | API | microservice | communication | Golang | MySQL | smart contract | Redis |  | Job brought to you for free 	Native is hiring a remote Back End Engineer  |  | Native is looking for a Back End Engineer to design and implement high-performance backend services and APIs, optimize CI/CD pipelines, and integrate off-chain systems with on-chain programs. |  | 🤓 Bitbucket | GitHub Actions | TypeScript | PostgreSQL | problem solving | Rust | trading system | DevOps | REST | CI/CD | database | Python | API | microservice | communication | Golang | MySQL | smart contract | Redis |  | Job brought to you for free by JobStash |  | Telegram | X | Farcaster
3663404a4b844a795ac53db86de89a6b	32	@rabotaweb3	1	1	{6850}	80	HIGH	TRADING_SYSTEM_CONTRACT	CLIENT	270149	830	https://t.me/rabotaweb3/2406	2026-02-08 13:23:27+00	2026-09-14 19:17:45.99072+00	MIXED	🌐 Нужен Senior ML / NLP Engineer (чат-боты, LLM) |  | ➡️ Компания: FIN | 💵 ЗП: от 4000 до 6000 $ | ✉️ Формат: full-time, удалённо или в офисе в Лимассоле |  | 📌 Задачи и ожидания |  | ✔️ Разбирать научные статьи и реализовывать архитектуры нейросетей с нуля | ✔️ Работать с готовыми архитектурами: обучение с нуля и дообучение | ✔️ Самостоятельно размечать данные (вручную / полуавтоматически, с инструментами) | ✔️ Ставить эксперименты, сравнивать модели и подходы | ✔️ Версионировать модели и веса 	🌐 Нужен Senior ML / NLP Engineer (чат-боты, LLM) |  | ➡️ Компания: FIN | 💵 ЗП: от 4000 до 6000 $ | ✉️ Формат: full-time, удалённо или в офисе в Лимассоле |  | 📌 Задачи и ожидания |  | ✔️ Разбирать научные статьи и реализовывать архитектуры нейросетей с нуля | ✔️ Работать с готовыми архитектурами: обучение с нуля и дообучение | ✔️ Самостоятельно размечать данные (вручную / полуавтоматически, с инструментами) | ✔️ Ставить эксперименты, сравнивать модели и подходы | ✔️ Версионировать модели и веса | ✔️ Писать и оптимизировать промпты | ✔️ Использовать Cursor и другие инструменты для разработки | ✔️ Делать деплой, развёртывание и масштабирование моделей (1 и несколько серверов) | ✔️ Оценивать деградацию моделей и отлаживать обучение | ✔️ Работать в продуктовой парадигме и Agile | ✔️ Обеспечивать прозрачность работы через декомпозицию задач |  | 📌 Требования |  | ✔️ Senior-уровень в ML / NLP | ✔️ Более 2х лет коммерческого опыта | ✔️ Опыт работы с чат-ботами или NLP-продуктами в продакшене | ✔️ Python, PyTorch | ✔️ Опыт с LLM / transformers | ✔️ Понимание API и деплоя ML-сервисов | ✔️ Самостоятельность и ответственность за результат | ✔️ Опыт работы в кросс-функциональной команде 4+ человек | ✔️ Нахождение вне РФ и РБ |  | 📌 Стек |  | ✔️ Python, PyTorch, FastAPI, PostgreSQL, LangChain, REST / WebSocket, MLflow, Docker, GitLab, Grafana, Google Cloud, Nginx |  | 📌 Мы предлагаем |  | ✔️ Конкурентную компенсацию (обсуждается по итогам интервью) | ✔️ Полную удалёнку, или официальное трудоустройство на Кипре (Лимассол) | ✔️ Performance review каждые 6 месяцев с возможностью бонусов и/или повышения офера | ✔️ Оплачиваемый отпуск и больничный | ✔️ Понятные KPI и прозрачную коммуникацию |  | ✉️ Контакты: fin.info@f1n.co |  | #вакансия #удаленка #офис #senior #ai #llm
e18fa5b327e43f5d60ac889644f1c163	22	@jobstash	1	1	{6701}	80	HIGH	TRADING_SYSTEM_CONTRACT	RECRUITER	265968	775	https://t.me/jobstash/19809	2025-09-26 08:00:00+00	2026-09-14 19:17:03.448431+00	LATIN_SCRIPT	Gauntlet is hiring a remote Quant Research Engineer - New Grad  |  | Gauntlet is looking for a Quant Research Engineer New Grad to transform mathematical models into production code and build and optimize vault strategies for DeFi risk, simulation and real-time monitoring. |  | 💵 $120,000 - $150,000 |  | 🤓 TypeScript | Rust | Smart contract | Python | dashboard | statistics | optimization | strategy | algorithm | risk management | probability | simulation | cross-chain | data pipeline | data str	Gauntlet is hiring a remote Quant Research Engineer - New Grad  |  | Gauntlet is looking for a Quant Research Engineer New Grad to transform mathematical models into production code and build and optimize vault strategies for DeFi risk, simulation and real-time monitoring. |  | 💵 $120,000 - $150,000 |  | 🤓 TypeScript | Rust | Smart contract | Python | dashboard | statistics | optimization | strategy | algorithm | risk management | probability | simulation | cross-chain | data pipeline | data structure | AMM | Numerical methods | rebalancing | RWA | trade execution |  | Job brought to you for free by JobStash |  | Telegram | X | Farcaster
dde1373ca8204baef7d34eb7e3d8cf60	70	@CoinExOfficialEN	1	1	{46534}	79	HIGH	TRADING_SYSTEM_CONTRACT	CLIENT	5490595	983	https://t.me/CoinExOfficialEN/1631489	2026-02-28 21:10:12+00	2026-09-15 11:49:10.591693+00	LATIN_SCRIPT	⭐  Fundamental Analysis – SUI (Parallel Execution Edge) | Sui differentiates itself with parallel transaction execution and an object-centric architecture designed for scalability and low latency. | Core fundamentals include: | • High-speed processing | • Efficient smart contract design | • Expanding DeFi ecosystem | • Strong developer incentives | When scalability narratives dominate Layer 1 discussions, high-performance chains like SUI often attract renewed capital interest. | Technology narra	⭐  Fundamental Analysis – SUI (Parallel Execution Edge) | Sui differentiates itself with parallel transaction execution and an object-centric architecture designed for scalability and low latency. | Core fundamentals include: | • High-speed processing | • Efficient smart contract design | • Expanding DeFi ecosystem | • Strong developer incentives | When scalability narratives dominate Layer 1 discussions, high-performance chains like SUI often attract renewed capital interest. | Technology narrative + ecosystem growth = expansion potential. | #SUI #FundamentalAnalysis #Layer1 #Web3Growth #Blockchain
e3ae0ec6362065c8ce062afc634a2256	110	@KCEX_English	1	1	{54651}	79	HIGH	SOLANA_DEX_BOT_PROJECT	CLIENT	8387464	1093	https://t.me/KCEX_English/805001	2026-03-24 15:47:44+00	2026-09-15 21:02:20.791119+00	LATIN_SCRIPT	Solana Launches SDP Developer Platform With Mastercard, Western Union & Wordpay  |  | Solana introduced Solana Developer Platform (SDP) — an AI-ready, API-based layer helping enterprises launch on-chain financial products faster. |  | The SDP aggregates 20+ providers into one interface, enabling institutions to build, scale, and run compliant blockchain solutions while abstracting technical complexity. |  | The SDP features three modules: issuance (stablecoins, RWAs), payments (fiat & stablecoin	Solana Launches SDP Developer Platform With Mastercard, Western Union & Wordpay  |  | Solana introduced Solana Developer Platform (SDP) — an AI-ready, API-based layer helping enterprises launch on-chain financial products faster. |  | The SDP aggregates 20+ providers into one interface, enabling institutions to build, scale, and run compliant blockchain solutions while abstracting technical complexity. |  | The SDP features three modules: issuance (stablecoins, RWAs), payments (fiat & stablecoin flows, on/off-ramps), and trading (swaps, vaults, on-chain FX), creating a unified API stack for financial use cases. |  | Infrastructure partners: | – Nodes: Helius, Triton, Alchemy, QuickNode | – Wallets: Fireblocks, Dynamic, Turnkey, Privy, Coinbase, BitGo, Crossmint, Paxos, Anchorage Digital | – Compliance: TRM Labs, Elliptic, Chainalysis | – Ramps: MoonPay, Lightspark, BVNK |  | #newsupdates
0781efc69dfb040c6b0869b67826cb8c	64	@BitgetENOfficial	1	1	{38553}	79	HIGH	TRADING_SYSTEM_CONTRACT	CLIENT	3651055	962	https://t.me/BitgetENOfficial/10118654	2026-08-12 07:28:36+00	2026-09-15 06:06:47.529043+00	LATIN_SCRIPT	I would like to see stronger real-time risk alerts, especially for liquidity, slippage, leverage, and contract risks. Better on chain analytics, faster execution, and personalized AI insights would also make Bitget products safer and easier to use	I would like to see stronger real-time risk alerts, especially for liquidity, slippage, leverage, and contract risks. Better on chain analytics, faster execution, and personalized AI insights would also make Bitget products safer and easier to use
069eee1811ab2256f3f2aa983df9be16	64	@BitgetENOfficial	1	1	{38553}	79	HIGH	TRADING_SYSTEM_CONTRACT	CLIENT	3641004	961	https://t.me/BitgetENOfficial/10129671	2026-08-12 17:57:10+00	2026-09-15 06:04:57.68308+00	LATIN_SCRIPT	I woud like Bitget products to offer stronger real-time risk alerts covering liquidity, slippage,l leverage and contract risks, Better on chain analytics customizable notifications deeper market data, and AI powered research tools could make trading more transparent and easier for both new and experienced users.	I woud like Bitget products to offer stronger real-time risk alerts covering liquidity, slippage,l leverage and contract risks, Better on chain analytics customizable notifications deeper market data, and AI powered research tools could make trading more transparent and easier for both new and experienced users.
543e9cf0b68b468deb692a8ef335d66d	17	@chronotech	1	1	{3}	78	HIGH	SOLANA_DEX_BOT_PROJECT	CLIENT	60799	495	https://t.me/chronotech/573879	2026-08-07 10:23:16+00	2026-09-14 18:39:48.899443+00	LATIN_SCRIPT	⭐ FREELANCER OF THE WEEK |  | Senior Blockchain developer🔷️🔶️[Available for  urgency] | ⭐ 5★ (19 reviews) | 🏆 Reputation: 420 | 💰 $25/hr | 🏷 Web, Mobile & Software Dev · Javascript · Blockchain & Crypto · Python · Solidity |  | “Blockchain & Web3 Developer specializing in Solidity smart contracts, DeFi, DAO, NFT, ERC20/BEP20 tokens, staking, DEX, launchpads, and custom Web3 dApps. With **19+ verified 5-star reviews**, I…” |  | 🔗 https://laborx.com/profiles/118278 |  | #LaborX #FreelancerSpotligh	⭐ FREELANCER OF THE WEEK |  | Senior Blockchain developer🔷️🔶️[Available for  urgency] | ⭐ 5★ (19 reviews) | 🏆 Reputation: 420 | 💰 $25/hr | 🏷 Web, Mobile & Software Dev · Javascript · Blockchain & Crypto · Python · Solidity |  | “Blockchain & Web3 Developer specializing in Solidity smart contracts, DeFi, DAO, NFT, ERC20/BEP20 tokens, staking, DEX, launchpads, and custom Web3 dApps. With **19+ verified 5-star reviews**, I…” |  | 🔗 https://laborx.com/profiles/118278 |  | #LaborX #FreelancerSpotlight #Web3Talent
510efc0e32290b19c504d430dab19ab7	35	@DeJob_Global	1	1	{6853}	78	HIGH	SOLANA_DEX_BOT_PROJECT	CLIENT	270667	848	https://t.me/DeJob_Global/2327	2026-03-13 12:52:08+00	2026-09-14 19:17:52.012666+00	LATIN_SCRIPT	#Recruitment | 🏡  Cygnus    #DeFi | 🐇  Introduction: | https://www.cygnus.finance/ | The first modular real yield layer, backed by industry pioneers such as OKX Ventures, Optimism Foundation, Manifold etc.  |  | 🛵  #FullTime #Remote  | 📚  #Smart·Contract·Engineer #Engineering  | 💰  Salary: $2,000 - $6,000 / month |  | 🌱  Responsibilities: | 1️⃣  Design and implement core DeFi protocol smart contracts | 2️⃣  Participate in protocol architecture design and optimization | 3️⃣  Optimize gas efficien	#Recruitment | 🏡  Cygnus    #DeFi | 🐇  Introduction: | https://www.cygnus.finance/ | The first modular real yield layer, backed by industry pioneers such as OKX Ventures, Optimism Foundation, Manifold etc.  |  | 🛵  #FullTime #Remote  | 📚  #Smart·Contract·Engineer #Engineering  | 💰  Salary: $2,000 - $6,000 / month |  | 🌱  Responsibilities: | 1️⃣  Design and implement core DeFi protocol smart contracts | 2️⃣  Participate in protocol architecture design and optimization | 3️⃣  Optimize gas efficiency, execution performance, and system security | 4️⃣  Design and implement risk control mechanisms | 5️⃣  Integrate smart contracts with frontend and backend systems | 6️⃣  Participate in smart contract security reviews and audit processes |  | 🌵  Requirements: | 1️⃣ Smart Contract / DeFi: Strong experience with #Solidity / EVM development; proficient with tools like Foundry and Hardhat; experience building or contributing to DeFi protocols (AMM / DEX, lending, vault / yield strategies, perpetuals / derivatives); solid understanding of AMM pricing, lending interest rate models, liquidation mechanics, LP fee distribution, and vault strategies. | 2️⃣ DeFi Security & System Knowledge: Familiar with common DeFi risks and system mechanics such as oracle manipulation, MEV, flash loan attacks, liquidity risks, and liquidation mechanisms. | 3️⃣ Vibe Coding (Important): Comfortable leveraging AI coding tools such as Claude Code, Codex, OpenCode, or Cursor to build efficient AI-assisted development workflows, improve productivity, and maintain code quality, system security, and maintainability. | 4️⃣ Backend / AI (Nice to Have): Experience with backend development (Python / Go / Node.js), working with LLM APIs or AI agent systems, and designing AI-native backend architectures (e.g., supporting LLM inference, tool usage, or agent orchestration workflows). | 5️⃣ Bonus Points: Experience contributing to production DeFi protocols; familiarity with protocols such as Uniswap, Aave, Maker, or Curve; experience in smart contract security auditing; experience designing protocol architectures. |  | 📷  Apply: | Email: recruit@cygnus.finance |  | 🚧  More Info: https://www.dejob.top/jobDetail?id=6703 |  | 👉 Website | Global Channel | Korean Channel | Discord | Support
f42c8baac1fc9159319c6e821ed70a3f	9	@solana_jobs	1	1	{4605}	78	HIGH	SOLANA_DEX_BOT_PROJECT	CLIENT	58794	405	https://t.me/solana_jobs/11533	2026-02-21 14:34:54+00	2026-09-14 18:39:25.42957+00	MIXED	#резюме #eth #solana  | 🚀 ИЩУ ПРОЕКТ | Я backend / Web3 разработчик с 2016 года. | Запускал и проектировал крупные крипто-проекты с оборотом $20+ млн. | Работаю быстро, системно и на результат. |  | 💻 Что умею закрывать: | 📍Backend архитектура любой сложности | 📍Высоконагруженные API | 📍Web3 / Smart Contracts (Solidity, Rust / Anchor) | 📍MEV-боты | 📍Интеграции, платежки, аналитика | 📍Проектирование БД и инфраструктуры | 📍Деплой, CI/CD, Docker |  | 🛠 Стек: | TS, Python, Solidity, Rust, C++, SQL |	#резюме #eth #solana  | 🚀 ИЩУ ПРОЕКТ | Я backend / Web3 разработчик с 2016 года. | Запускал и проектировал крупные крипто-проекты с оборотом $20+ млн. | Работаю быстро, системно и на результат. |  | 💻 Что умею закрывать: | 📍Backend архитектура любой сложности | 📍Высоконагруженные API | 📍Web3 / Smart Contracts (Solidity, Rust / Anchor) | 📍MEV-боты | 📍Интеграции, платежки, аналитика | 📍Проектирование БД и инфраструктуры | 📍Деплой, CI/CD, Docker |  | 🛠 Стек: | TS, Python, Solidity, Rust, C++, SQL | Node.js (Nest, Express), Postgres, Redis | Docker, Git, RabbitMQ, Web3.js |  | Работаю удаленно. | Рассматриваю проекты от $3000 за проект. | Интересны как краткосрочные задачи, так и долгосрочное сотрудничество.
510efc0e32290b19c504d430dab19ab7	36	@DeJob_Global_group	1	1	{6853}	78	HIGH	SOLANA_DEX_BOT_PROJECT	CLIENT	271018	860	https://t.me/DeJob_Global_group/5395	2026-03-13 12:52:12+00	2026-09-14 19:17:56.306996+00	LATIN_SCRIPT	#Recruitment | 🏡  Cygnus    #DeFi | 🐇  Introduction: | https://www.cygnus.finance/ | The first modular real yield layer, backed by industry pioneers such as OKX Ventures, Optimism Foundation, Manifold etc.  |  | 🛵  #FullTime #Remote  | 📚  #Smart·Contract·Engineer #Engineering  | 💰  Salary: $2,000 - $6,000 / month |  | 🌱  Responsibilities: | 1️⃣  Design and implement core DeFi protocol smart contracts | 2️⃣  Participate in protocol architecture design and optimization | 3️⃣  Optimize gas efficien	#Recruitment | 🏡  Cygnus    #DeFi | 🐇  Introduction: | https://www.cygnus.finance/ | The first modular real yield layer, backed by industry pioneers such as OKX Ventures, Optimism Foundation, Manifold etc.  |  | 🛵  #FullTime #Remote  | 📚  #Smart·Contract·Engineer #Engineering  | 💰  Salary: $2,000 - $6,000 / month |  | 🌱  Responsibilities: | 1️⃣  Design and implement core DeFi protocol smart contracts | 2️⃣  Participate in protocol architecture design and optimization | 3️⃣  Optimize gas efficiency, execution performance, and system security | 4️⃣  Design and implement risk control mechanisms | 5️⃣  Integrate smart contracts with frontend and backend systems | 6️⃣  Participate in smart contract security reviews and audit processes |  | 🌵  Requirements: | 1️⃣ Smart Contract / DeFi: Strong experience with #Solidity / EVM development; proficient with tools like Foundry and Hardhat; experience building or contributing to DeFi protocols (AMM / DEX, lending, vault / yield strategies, perpetuals / derivatives); solid understanding of AMM pricing, lending interest rate models, liquidation mechanics, LP fee distribution, and vault strategies. | 2️⃣ DeFi Security & System Knowledge: Familiar with common DeFi risks and system mechanics such as oracle manipulation, MEV, flash loan attacks, liquidity risks, and liquidation mechanisms. | 3️⃣ Vibe Coding (Important): Comfortable leveraging AI coding tools such as Claude Code, Codex, OpenCode, or Cursor to build efficient AI-assisted development workflows, improve productivity, and maintain code quality, system security, and maintainability. | 4️⃣ Backend / AI (Nice to Have): Experience with backend development (Python / Go / Node.js), working with LLM APIs or AI agent systems, and designing AI-native backend architectures (e.g., supporting LLM inference, tool usage, or agent orchestration workflows). | 5️⃣ Bonus Points: Experience contributing to production DeFi protocols; familiarity with protocols such as Uniswap, Aave, Maker, or Curve; experience in smart contract security auditing; experience designing protocol architectures. |  | 📷  Apply: | Email: recruit@cygnus.finance |  | 🚧  More Info: https://www.dejob.top/jobDetail?id=6703 |  | 👉 Website | Global Channel | Korean Channel | Discord | Support
65db7f3b745b8014863fe98b4a8e0f88	9	@solana_jobs	1	1	{300}	78	HIGH	SOLANA_DEX_BOT_PROJECT	CLIENT	58722	398	https://t.me/solana_jobs/11826	2026-04-07 22:23:42+00	2026-09-14 18:39:23.784488+00	MIXED	#вакансия #fullstack #golang #react #blockchain #trading #crypto #defi #remote #web3 |  | 💻 Senior Fullstack (Go + React) / Blockchain Engineer |  | 📍 Удалённо (contractor) | 💰 Вилка: обсуждается |  | ❗️Просьба внимательно прочитать вакансию перед откликом |  | 📌 О проекте |  | 10arx — AI-нативный торговый терминал для prediction markets | On-chain execution, интеграции с Polymarket, Kalshi, DEX | Ранняя стадия, быстрый темп, небольшая команда |  | 🌐 Сайт: https://10arx.com/ |  | 🧠 Роль |  | Ты 	#вакансия #fullstack #golang #react #blockchain #trading #crypto #defi #remote #web3 |  | 💻 Senior Fullstack (Go + React) / Blockchain Engineer |  | 📍 Удалённо (contractor) | 💰 Вилка: обсуждается |  | ❗️Просьба внимательно прочитать вакансию перед откликом |  | 📌 О проекте |  | 10arx — AI-нативный торговый терминал для prediction markets | On-chain execution, интеграции с Polymarket, Kalshi, DEX | Ранняя стадия, быстрый темп, небольшая команда |  | 🌐 Сайт: https://10arx.com/ |  | 🧠 Роль |  | Ты строишь торговую инфраструктуру, которая работает 24/7 с реальными деньгами | Система не имеет права «молча ломаться» — важна надёжность, скорость и контроль |  | ⚙️ Задачи |  | — Проектирование и разработка on-chain execution | — Работа с транзакциями, контрактами, wallet management, gas | — Интеграции с prediction market платформами и DEX | — Построение real-time data pipeline | — Реализация торговых стратегий | — Разработка backtesting инфраструктуры | — Настройка мониторинга и alerting | — Разработка интерфейсов на React |  | 🛠 Стек |  | Backend: Go | Blockchain: Solidity, EVM, ethers.js / go-ethereum | Frontend: React, TypeScript, TanStack | Data: PostgreSQL, Redis, Elasticsearch | Infra: Docker, CI/CD | AI: Cursor / Copilot / Claude |  | 🎯 Требования |  | — 4+ года Go (production) | — Опыт работы с blockchain | — Solidity (чтение и взаимодействие с контрактами) | — Real-time системы (WebSocket, streaming, event-driven) | — React + TypeScript (самостоятельная разработка UI) | — Опыт с CEX / DEX API | — Python (скрипты, бэктесты, обработка данных) |  | 📊 Домен |  | — Опыт в fintech / crypto / DeFi / trading / prediction markets — обязательно | — Работа с системами, где ошибка = потеря денег |  | 🤖 AI |  | — Активное использование LLM-инструментов |  | 🌍 Языки |  | — Русский + рабочий английский |  | 🔥 Формат работы |  | — Systems engineering + blockchain + скорость | — Минимум формального ТЗ | — Быстрые итерации и результат |  | 🚫 Не подойдёт |  | — Нет опыта Go в production | — Нет опыта с финансовыми системами | — Только smart contracts | — Привычка работать по детальному ТЗ | — Нет опыта с AI-инструментами |  | 💼 Условия |  | — Полный ownership направления | — Прямое взаимодействие с CTO и фаундером | — Удалённо, contractor | — Конкурентная ЗП |  | 📩 Отклик через Google-форму | Ответ в течение 3 рабочих дней
543e9cf0b68b468deb692a8ef335d66d	3	@laborx	1	1	{3}	78	HIGH	SOLANA_DEX_BOT_PROJECT	CLIENT	27736	88	https://t.me/laborx/1278	2026-08-07 10:23:13+00	2026-09-14 18:31:19.232152+00	LATIN_SCRIPT	⭐ FREELANCER OF THE WEEK |  | Senior Blockchain developer🔷️🔶️[Available for  urgency] | ⭐ 5★ (19 reviews) | 🏆 Reputation: 420 | 💰 $25/hr | 🏷 Web, Mobile & Software Dev · Javascript · Blockchain & Crypto · Python · Solidity |  | “Blockchain & Web3 Developer specializing in Solidity smart contracts, DeFi, DAO, NFT, ERC20/BEP20 tokens, staking, DEX, launchpads, and custom Web3 dApps. With **19+ verified 5-star reviews**, I…” |  | 🔗 https://laborx.com/profiles/118278 |  | #LaborX #FreelancerSpotligh	⭐ FREELANCER OF THE WEEK |  | Senior Blockchain developer🔷️🔶️[Available for  urgency] | ⭐ 5★ (19 reviews) | 🏆 Reputation: 420 | 💰 $25/hr | 🏷 Web, Mobile & Software Dev · Javascript · Blockchain & Crypto · Python · Solidity |  | “Blockchain & Web3 Developer specializing in Solidity smart contracts, DeFi, DAO, NFT, ERC20/BEP20 tokens, staking, DEX, launchpads, and custom Web3 dApps. With **19+ verified 5-star reviews**, I…” |  | 🔗 https://laborx.com/profiles/118278 |  | #LaborX #FreelancerSpotlight #Web3Talent
b5ea92729e971331f08894f793b6bbfe	67	@MEXCEnglish	1	1	{9886}	77	HIGH	SOLANA_DEX_BOT_PROJECT	CLIENT	4948158	965	https://t.me/MEXCEnglish/8576860	2026-05-07 15:20:21+00	2026-09-15 10:05:10.689582+00	LATIN_SCRIPT	1⃣. Liquidity Dynamics of $ZAMA | Recent market analysis indicates that $ZAMA maintains a remarkably healthy liquidity profile. Its 24-hour trading volume often scales significantly relative to its market capitalization, a metric that institutional and retail traders alike use to gauge exit liquidity High liquidity effectively dampens the impact of large market orders, ensuring price stability and minimizing slippage For a project focused on advanced cryptography like Fully Homomorphic Encryptio	1⃣. Liquidity Dynamics of $ZAMA | Recent market analysis indicates that $ZAMA maintains a remarkably healthy liquidity profile. Its 24-hour trading volume often scales significantly relative to its market capitalization, a metric that institutional and retail traders alike use to gauge exit liquidity High liquidity effectively dampens the impact of large market orders, ensuring price stability and minimizing slippage For a project focused on advanced cryptography like Fully Homomorphic Encryption FHE this deep liquidity acts as a foundation for broader exchange listings and long-term investor trust. |  | 2.Momentum Divergence: SOL vs ETH | While Ethereum $ETH continues to be the bedrock for institutional DeFi and security Solana $SOL has captured the velocity of capital in the recent month. Driven by high-speed execution and a massive surge in retail-led activities—ranging from high-yield staking to the latest memecoin cycles SOL has exhibited more aggressive price discovery Traders are currently viewing Solana as the primary vehicle for short-to-medium term growth, whereas Ethereum remains the preferred asset for those prioritizing network maturity and low-volatility accumulation. |  | 3.The AI Narrative: From Hype to Utility | The era of blind investment" |  into AI-labeled tokens has shifted toward a more rigorous utility-driven phase. While the initial speculative frenzy has cooled, the fundamental value of AI in blockchain—such as decentralized computing Render and machine learning subnets Bittensor—remains a core pillar of the 2026 market. Investors are now filtering for projects with tangible revenue models and active dApp integration This selective focus is a sign of a maturing sector where actual product usage is finally outweighing social media sentiment. |  | 4.Optimizing Returns via MEXC Ecosystem | Beyond standard trading the MEXC referral and rewards infrastructure serves as a strategic tool for capital efficiency By integrating referral commission rebates and participating in Launchpool or airdrop events traders can effectively lower their break-even points on every trade For power users, these incentives provide a steady stream of passive income while beginners can utilize New User bonuses to offset early learning costs Staying active within this ecosystem essentially allows participants to extract maximum value from the platform high-liquidity environment
d7aa2b7f39f2ab3a7fc6034c194440b1	57	@BybitEnglish	1	1	{49217}	77	HIGH	SOLANA_DEX_BOT_PROJECT	CLIENT	1074031	948	https://t.me/BybitEnglish/4134610	2026-03-18 00:14:21+00	2026-09-14 22:10:31.943693+00	LATIN_SCRIPT	Solana  vs Ethereum ⚔️ |  | Whether you want to focus on the sheer speed or proven security is the question that makes Solana and Ethereum the contenders at the developer dominance fight in 2026. |  | Personally, Solana is winning the user experience and speed to market war at the moment, as I see it. Solana has a unified state machine and low latency that is difficult to rival to developers of consumer-facing applications, particularly in gaming, social, or high-frequency trading. It is not nec	Solana  vs Ethereum ⚔️ |  | Whether you want to focus on the sheer speed or proven security is the question that makes Solana and Ethereum the contenders at the developer dominance fight in 2026. |  | Personally, Solana is winning the user experience and speed to market war at the moment, as I see it. Solana has a unified state machine and low latency that is difficult to rival to developers of consumer-facing applications, particularly in gaming, social, or high-frequency trading. It is not necessary to deal with fragmentation and complexity of Layer 2 scaling solutions which is a giant headache to developers on Ethereum at the moment. |  | But I do not believe that Ethereum is losing, but rather it is becoming institutional financial base. On agility, Solana is the winner; on liquidity, Ethereum continues to be the most liquid. I believe by 2026 we will have a clear separation with Solana serving retail-intensive, high-performance uses and Ethereum serving the high-value decentralized finance and long-term asset storage. |  | In a world with competition between ecosystems, it will be the one that enables the abstracting of the technical difficulties in such a way that the developers have to create products that people are actually utilizing and do not necessarily need to understand what blockchain they are on. |  | #BybitChat
48ead6d4e2c0165d7756cbc76922c8a3	72	@BitMartExchange	1	1	{8526}	77	HIGH	SOLANA_DEX_BOT_PROJECT	CLIENT	306985	879	https://t.me/BitMartExchange/3612341	2026-05-08 09:09:04+00	2026-09-14 19:27:29.488539+00	LATIN_SCRIPT	AI agents on blockchain are a significant step forward. Autonomous execution on Solana's speed, Google Cloud infrastructure, and Coinbase tools could unlock real utility in DeFi, automated trading, and on-chain economies. Aptos funding agentic projects confirms rapid momentum. |  | However, risks remain: smart contract vulnerabilities plus AI hallucinations equal potential for fast, irreversible losses. We need robust verification, human oversight, and better security models before mainstream ad	AI agents on blockchain are a significant step forward. Autonomous execution on Solana's speed, Google Cloud infrastructure, and Coinbase tools could unlock real utility in DeFi, automated trading, and on-chain economies. Aptos funding agentic projects confirms rapid momentum. |  | However, risks remain: smart contract vulnerabilities plus AI hallucinations equal potential for fast, irreversible losses. We need robust verification, human oversight, and better security models before mainstream adoption. |  | Huge opportunity if executed right, not just hype. Early days;exciting but proceed with caution.
c6f1829166e5cf8d5384c961030c20a7	7	@solana_dev_ru	1	1	{4162}	77	HIGH	COPY_TRADING_PROJECT	CLIENT	55357	339	https://t.me/solana_dev_ru/76127	2026-02-25 14:58:37+00	2026-09-14 18:38:23.646502+00	MIXED	Если вы разработчик копитрейдинг бота, напишите мне. Мне нужен копитрейдинг бот на solana, который способен попадать в 0-1 block. Вы должны продемонстрировать его скорость, прежде чем я куплю.	Если вы разработчик копитрейдинг бота, напишите мне. Мне нужен копитрейдинг бот на solana, который способен попадать в 0-1 block. Вы должны продемонстрировать его скорость, прежде чем я куплю.
539d2594733b83631ab9189d20c0dca9	42	@talentatweb3	1	1	{6867}	76	HIGH	QUANT_ENGINEERING_CONTRACT	RECRUITER	274397	870	https://t.me/talentatweb3/1384	2026-02-27 04:01:17+00	2026-09-14 19:18:27.604932+00	LATIN_SCRIPT	🦄Talent@Web3 is hiring for the following roles: |  | 🆕Co-CEO (Fintech Trading Platform) | https://talentweb3.careers-page.com/jobs/3297e6b0-914e-47e6-bbb3-086db1f60516 |  | 🆕Quantitative Trader / Researcher (Confidential Trading Firm) |  https://talentweb3.careers-page.com/jobs/d3901bfd-745f-4baa-b3a2-7b8b1ddef920 |  | 🆕Fractional CEO (Prediction Markets) | https://talentweb3.careers-page.com/jobs/2ab62f97-50d7-4870-b897-01cb284b3df4 |  | Operations Lead (Tokenized Yield Protocol) | https://tale	🦄Talent@Web3 is hiring for the following roles: |  | 🆕Co-CEO (Fintech Trading Platform) | https://talentweb3.careers-page.com/jobs/3297e6b0-914e-47e6-bbb3-086db1f60516 |  | 🆕Quantitative Trader / Researcher (Confidential Trading Firm) |  https://talentweb3.careers-page.com/jobs/d3901bfd-745f-4baa-b3a2-7b8b1ddef920 |  | 🆕Fractional CEO (Prediction Markets) | https://talentweb3.careers-page.com/jobs/2ab62f97-50d7-4870-b897-01cb284b3df4 |  | Operations Lead (Tokenized Yield Protocol) | https://talentweb3.careers-page.com/jobs/d90cf1fb-0e50-4aa7-b2a4-5eb2c81a5d42 |  | Backend Engineer (AI) | https://talentweb3.careers-page.com/jobs/e4923101-1c91-4ccf-8824-a67025673c1a |  | Web3 Recruiter (Full-Time/Part-time/Freelance) at Talent@Web3 | https://www.careers-page.com/talentweb3/job/LR8Y796X |  | Operations Manager (AI & Identity Startup, Based in US) | https://talentweb3.careers-page.com/jobs/4b4d38ac-2eae-4af8-8a76-75722f9695f6 |  | Institutional BD (BTC Yield Protocol) - US | https://talentweb3.careers-page.com/jobs/c49476d4-8356-4904-b88d-bd293bc28168 |  | Software Engineer, Exchange & Trading Infrastructure (Remote, US) | https://talentweb3.careers-page.com/jobs/533c6afb-b7ea-4b0e-bceb-7847ad7c3347 |  | Senior Smart Contract Developer | https://talentweb3.careers-page.com/jobs/8a99113b-4e7f-48b9-88b7-c80841513189 |  | Software Engineer (Predictions Market, Singapore-Based) | https://talentweb3.careers-page.com/jobs/0da0f58c-f10b-4120-856f-150a266b6aad |  | — | 𝘐𝘯𝘵𝘦𝘳𝘦𝘴𝘵𝘦𝘥? 𝘷𝘪𝘦𝘸 𝘮𝘰𝘳𝘦 𝘳𝘰𝘭𝘦𝘴 𝘸𝘦’𝘳𝘦 𝘩𝘪𝘳𝘪𝘯𝘨 𝘧𝘰𝘳 𝘩𝘦𝘳𝘦 |  | For job opportunities or hiring support, contact @kerffffc.
d66c7c3578067094fbfb5b6c6a58c1be	2	@laborxWeb3Jobs	1	1	{2}	75	HIGH	TRADING_SYSTEM_CONTRACT	RECRUITER	23673	939	https://t.me/LaborXWeb3Jobs/15027	2026-04-08 16:16:40+00	2026-09-14 18:30:37.697346+00	LATIN_SCRIPT	🌟 Freelance Opportunity: AI-Powered Crypto Trading Signal System |  | 💰 Budget: $10000 |  | 🤝 With: Mani Rahmanzadeh	🌟 Freelance Opportunity: AI-Powered Crypto Trading Signal System |  | 💰 Budget: $10000 |  | 🤝 With: Mani Rahmanzadeh
a6d1c20b4c823d2a819bc18bf9e3af28	6	@BybitAPI	1	1	{82}	75	HIGH	TRADING_SYSTEM_CONTRACT	CLIENT	40794	229	https://t.me/BybitAPI/360584	2026-03-18 21:48:56+00	2026-09-14 18:34:44.235191+00	LATIN_SCRIPT	It's not an API-sided error message. You should troubleshoot this error message on your side in your code, as it's generated by your code. |  | If you come to find out it's caused by an API-sided error, please provide the JSON response (not the application code) so we can investigate on our side. |  | Otherwise, you'll need to debug the strategy on your own, or contact the developer/customer service of the strategy in question	It's not an API-sided error message. You should troubleshoot this error message on your side in your code, as it's generated by your code. |  | If you come to find out it's caused by an API-sided error, please provide the JSON response (not the application code) so we can investigate on our side. |  | Otherwise, you'll need to debug the strategy on your own, or contact the developer/customer service of the strategy in question
32cbb168a9190e3c025045e8bfca33bf	22	@jobstash	1	1	{6701}	75	HIGH	TRADING_SYSTEM_CONTRACT	RECRUITER	264251	755	https://t.me/jobstash/21655	2025-12-12 09:00:00+00	2026-09-14 19:16:44.035376+00	LATIN_SCRIPT	Consensys is hiring a remote Senior Backend Engineer - MetaMask (OffChain)  |  | Consensys is looking for a Senior Backend Engineer to build and enhance MetaMask backend blockchain routing services, design performant backend solutions for clients, and ensure performance and stability of services. |  | 💵 $125,000 - $187,000 |  | 🤓 node | NATS | execution client | smart contract | cryptography | EVM | Go | distributed systems | API | testing | observability | AWS | Kafka | Grafana | Prometheus | b	Consensys is hiring a remote Senior Backend Engineer - MetaMask (OffChain)  |  | Consensys is looking for a Senior Backend Engineer to build and enhance MetaMask backend blockchain routing services, design performant backend solutions for clients, and ensure performance and stability of services. |  | 💵 $125,000 - $187,000 |  | 🤓 node | NATS | execution client | smart contract | cryptography | EVM | Go | distributed systems | API | testing | observability | AWS | Kafka | Grafana | Prometheus | blockchain | SQL |  | Job brought to you for free by JobStash |  | Telegram | X | Farcaster
315058083be5e97f77d29590a5841feb	6	@BybitAPI	1	1	{82}	75	HIGH	TRADING_SYSTEM_CONTRACT	CLIENT	36549	189	https://t.me/BybitAPI/370573	2026-06-23 21:03:01+00	2026-09-14 18:33:37.935596+00	LATIN_SCRIPT	If you experience an API error message, kindly provide the full request you're sending to the exchange and the full response. For that, you need to enable verbose: True |  | If you're not the developer of this code, kindly contact the developer so they can assist you in investigating the issue with the code	If you experience an API error message, kindly provide the full request you're sending to the exchange and the full response. For that, you need to enable verbose: True |  | If you're not the developer of this code, kindly contact the developer so they can assist you in investigating the issue with the code
b37cb7b45e74a2d1f3b76222ea6bc2c3	22	@jobstash	1	1	{6701}	75	HIGH	TRADING_SYSTEM_CONTRACT	RECRUITER	264255	756	https://t.me/jobstash/21651	2025-12-12 09:00:00+00	2026-09-14 19:16:44.0607+00	LATIN_SCRIPT	Ava Labs is hiring a hybrid Staff Protocol Engineer, EVM in Brooklyn, NY or Remote (North America) |  | Ava Labs is looking for a Staff Protocol Engineer EVM to maintain and advance EVM-compatible chains and design extensions that preserve ecosystem compatibility. |  | 💵 $253,479 - $269,321 |  | 🤓 opcode | Transaction | virtual machine | smart contract | consensus | EVM | Solidity | Go | geth | execution | libevm |  | Job brought to you for free by JobStash |  | Telegram | X | Farcaster	Ava Labs is hiring a hybrid Staff Protocol Engineer, EVM in Brooklyn, NY or Remote (North America) |  | Ava Labs is looking for a Staff Protocol Engineer EVM to maintain and advance EVM-compatible chains and design extensions that preserve ecosystem compatibility. |  | 💵 $253,479 - $269,321 |  | 🤓 opcode | Transaction | virtual machine | smart contract | consensus | EVM | Solidity | Go | geth | execution | libevm |  | Job brought to you for free by JobStash |  | Telegram | X | Farcaster
82f01f9e1180e76f72b327634c6cbdbc	22	@jobstash	1	1	{6701}	75	HIGH	TRADING_SYSTEM_CONTRACT	RECRUITER	265323	766	https://t.me/jobstash/20466	2025-10-22 08:00:06+00	2026-09-14 19:16:56.772666+00	LATIN_SCRIPT	TRM Labs is hiring a remote Marketing Operations (Contract)  |  | TRM Labs is looking for a Marketing Operations contractor to execute campaigns, maintain Salesforce and HubSpot systems, and manage lead flow; they will support marketing systems administration and campaign execution. |  | 🤓 integration | reporting | Problem-solving | HubSpot | workflow | email | data hygiene | LeanData | lead routing | Zapier | UTM | marketing operations | form | analytics | Salesforce | segmentation | N8N |  | J	TRM Labs is hiring a remote Marketing Operations (Contract)  |  | TRM Labs is looking for a Marketing Operations contractor to execute campaigns, maintain Salesforce and HubSpot systems, and manage lead flow; they will support marketing systems administration and campaign execution. |  | 🤓 integration | reporting | Problem-solving | HubSpot | workflow | email | data hygiene | LeanData | lead routing | Zapier | UTM | marketing operations | form | analytics | Salesforce | segmentation | N8N |  | Job brought to you for free by JobStash |  | Telegram | X | Farcaster
eccc39126d7d3e3ca1e6e6ae660dfdb1	61	@KuCoin_Exchange	1	1	{82465}	75	HIGH	TRADING_SYSTEM_CONTRACT	CLIENT	2997844	954	https://t.me/Kucoin_Exchange/11614366	2025-10-20 13:11:17+00	2026-09-15 04:06:01.886085+00	LATIN_SCRIPT	Decentralized AI systems can inherit centralized biases if training data isn't representative, but solutions like decentralized data marketplaces can improve model fairness. Smart contract vulnerabilities can be addressed through formal verification and AI-powered anomaly detection. Regulatory uncertainty may be mitigated through RegTech, leveraging blockchain for automated compliance and reporting. Systemic risks from AI-blockchain interactions can be mitigated with human-in-the-loop governance	Decentralized AI systems can inherit centralized biases if training data isn't representative, but solutions like decentralized data marketplaces can improve model fairness. Smart contract vulnerabilities can be addressed through formal verification and AI-powered anomaly detection. Regulatory uncertainty may be mitigated through RegTech, leveraging blockchain for automated compliance and reporting. Systemic risks from AI-blockchain interactions can be mitigated with human-in-the-loop governance, circuit breakers, and stress testing. To strengthen mitigation strategies, integrating multi-signature control, AI-driven threat detection, and bug bounty programs can enhance security. On-chain explainability frameworks can promote transparency, while cross-border standards and open-source AI governance frameworks can support regulatory compliance and responsible AI development.
3deb84918047fcad8daced9852b517d1	61	@KuCoin_Exchange	1	1	{81617}	75	HIGH	TRADING_SYSTEM_CONTRACT	CLIENT	2998988	955	https://t.me/Kucoin_Exchange/11612790	2025-10-20 10:22:40+00	2026-09-15 04:06:13.976007+00	LATIN_SCRIPT	That’s a well-structured and insightful summary — you’ve captured the core risks and the key principles for mitigating them. 👏 |  | To expand slightly on your points (useful if you’re refining this for a report, article, or presentation): |  | 🔍 Additional Context and Depth |  | 1. Algorithmic Bias | Even decentralized AI systems can inherit centralized biases if training data isn’t representative. One evolving solution is decentralized data marketplaces, where diverse global datasets improve mo	That’s a well-structured and insightful summary — you’ve captured the core risks and the key principles for mitigating them. 👏 |  | To expand slightly on your points (useful if you’re refining this for a report, article, or presentation): |  | 🔍 Additional Context and Depth |  | 1. Algorithmic Bias | Even decentralized AI systems can inherit centralized biases if training data isn’t representative. One evolving solution is decentralized data marketplaces, where diverse global datasets improve model fairness and reduce bias concentration. |  | 2. Smart Contract Vulnerabilities | Beyond audits, the use of formal verification (mathematically proving correctness of contract logic) and AI-powered anomaly detection is gaining traction to prevent exploits in real time. |  | 3. Regulatory Uncertainty | There’s growing dialogue around “RegTech” — using blockchain itself to automate compliance and reporting. This could transform regulatory oversight from reactive to continuous and transparent. |  | 4. Systemic Risks | AI’s predictive models interacting with blockchain’s automated execution could amplify feedback loops (e.g., flash crashes). Mitigation requires human-in-the-loop governance, circuit breakers, and stress testing AI-driven protocols. |  | 🛠️ Strengthening Mitigation Strategies |  | Security: Integrate multi-signature control, AI-driven threat detection, and bug bounty programs. |  | Transparency: Use on-chain explainability frameworks, where AI model metadata and decisions are verifiable through blockchain. |  | Regulatory Compliance: Establish cross-border standards via organizations like the OECD or FATF to align AI-blockchain practices globally. |  | Responsible AI Development: Promote open-source AI governance frameworks and ethical review boards within decentralized ecosystems. |  |  | Would you like me to reformat this into a polished paragraph-style analysis or a professional slide summary (e.g., for a presentation or whitepaper)?
5ae4d19d4e768f1d9d2734b59cd88fa4	2	@laborxWeb3Jobs	1	1	{2}	75	HIGH	TRADING_SYSTEM_CONTRACT	RECRUITER	23672	938	https://t.me/LaborXWeb3Jobs/15028	2026-04-08 16:43:35+00	2026-09-14 18:30:37.693688+00	LATIN_SCRIPT	🌟 Freelance Opportunity: AI-Powered Crypto Trading Signal System |  | 💰 Budget: $10000 |  | 🤝 With: Abdullatif Balouch	🌟 Freelance Opportunity: AI-Powered Crypto Trading Signal System |  | 💰 Budget: $10000 |  | 🤝 With: Abdullatif Balouch
b28a03140dc09f09460d43331a088ffe	36	@DeJob_Global_group	1	1	{6853}	73	MEDIUM	SOLANA_DEX_BOT_PROJECT	CLIENT	271022	861	https://t.me/DeJob_Global_group/5378	2026-03-10 11:09:00+00	2026-09-14 19:17:56.354178+00	LATIN_SCRIPT	#Recruitment | 🏡  Trust Wallet    #Wallet | 🐇  Introduction: | https://trustwallet.com/ | A popular cryptocurrency hot wallet that allows users to retain control over their funds.  |  | 🛵  #FullTime #Remote | 📚  #Smart·Contract·Engineer #Engineering | 💰  Salary: $8,500 - $14,000 / month |  | 🌱  Responsibilities: | 1️⃣  Design secure smart contract architecture, protocols(e.g., chain abstraction). | 2️⃣  Develop smart contracts with strong understanding of security & account abstraction. | 3️⃣  R	#Recruitment | 🏡  Trust Wallet    #Wallet | 🐇  Introduction: | https://trustwallet.com/ | A popular cryptocurrency hot wallet that allows users to retain control over their funds.  |  | 🛵  #FullTime #Remote | 📚  #Smart·Contract·Engineer #Engineering | 💰  Salary: $8,500 - $14,000 / month |  | 🌱  Responsibilities: | 1️⃣  Design secure smart contract architecture, protocols(e.g., chain abstraction). | 2️⃣  Develop smart contracts with strong understanding of security & account abstraction. | 3️⃣  Research ZKP, FHE, MPC protocols to be integrated for smart contracts. | 4️⃣  Implement thorough unit/integration/fuzz tests for smart contracts. | 5️⃣  Write formal verification for smart contracts. (e.g., Certora) | 6️⃣  Lead security audits. | 7️⃣  Engage with rust engineers to build on-chain infrastructures. |  | 🌵  Requirements: | 1️⃣  3+ years of smart contract engineering experience. | 2️⃣  Experience writing smart contracts, implementing thorough tests. | 3️⃣  Understanding of ERC-4337, ERC-6900, ERC-7579, EIP-7702. | 4️⃣  Strong attention to security details. | 5️⃣  Deep understanding of EVM memory, execution, solidity details. | 6️⃣  Deep understanding of Cryptography. | 7️⃣  Understanding of Rust systems. | 8️⃣  Solana/SVM & Bitcoin internals knowledge. |  | 📷  Apply: | Email: ying.cao@trustwallet.com | Telegram: @YingCTW |  | 🚧  More Info: https://www.dejob.top/jobDetail?id=6689 |  | 👉 Website | Global Channel | Korean Channel | Discord | Support
759447aeb63129bd63f62af794be040c	77	@PhemexFutures_en	1	1	{122778}	73	MEDIUM	SOLANA_DEX_BOT_PROJECT	CLIENT	5766135	986	https://t.me/PhemexFutures_en/302235	2025-10-29 17:53:00+00	2026-09-15 12:45:29.35587+00	LATIN_SCRIPT	💳 PayAI Network (PAYAI): Powering AI Agent Payments on Solana |  | PayAI Network (PAYAI) is a Solana-based token enabling a decentralized marketplace where AI agents autonomously hire, collaborate, and pay each other using the x402 payment protocol. The platform facilitates instant microtransactions from $0.01, eliminating human intermediaries in AI-to-AI commerce. With a fixed 1 billion token supply fully liquid at launch, PAYAI covers network fees and funds ecosystem growth through its 20% tre	💳 PayAI Network (PAYAI): Powering AI Agent Payments on Solana |  | PayAI Network (PAYAI) is a Solana-based token enabling a decentralized marketplace where AI agents autonomously hire, collaborate, and pay each other using the x402 payment protocol. The platform facilitates instant microtransactions from $0.01, eliminating human intermediaries in AI-to-AI commerce. With a fixed 1 billion token supply fully liquid at launch, PAYAI covers network fees and funds ecosystem growth through its 20% treasury allocation. The project has gained momentum with a 140% price surge and the first fully autonomous AI agent contract on Solana, positioning it at the intersection of AI and blockchain payments. |  | Watch for x402 protocol adoption as AI agent economies expand in 2025. |  | 📖Learn More: https://phemex.com/academy/what-is-payai-network-token |  | #PhemexAcademy #AI #ProjectAnalysis
7a030ce0193d257f6a5fa74c3f034d61	61	@KuCoin_Exchange	1	1	{84205}	73	MEDIUM	SOLANA_DEX_BOT_PROJECT	CLIENT	3004746	960	https://t.me/Kucoin_Exchange/11605113	2025-10-19 07:19:42+00	2026-09-15 04:07:17.711117+00	LATIN_SCRIPT	The crypto market in 2025 is experiencing significant developments across various sectors, including tokenization, institutional adoption, and evolving regulatory landscapes. |  |  | --- |  | 🚀 Market Overview |  | Bitcoin (BTC): After reaching a high of $123,000 in July, Bitcoin is currently consolidating around $106,800. Analysts predict potential movements toward $100,000 or $120,000, depending on market dynamics.  |  | Ethereum (ETH): Ethereum has outperformed Bitcoin in Q3 2025, with a 70.7	The crypto market in 2025 is experiencing significant developments across various sectors, including tokenization, institutional adoption, and evolving regulatory landscapes. |  |  | --- |  | 🚀 Market Overview |  | Bitcoin (BTC): After reaching a high of $123,000 in July, Bitcoin is currently consolidating around $106,800. Analysts predict potential movements toward $100,000 or $120,000, depending on market dynamics.  |  | Ethereum (ETH): Ethereum has outperformed Bitcoin in Q3 2025, with a 70.7% increase compared to Bitcoin's 6.39%. This growth is attributed to advancements in decentralized finance (DeFi) and smart contract scalability.  |  | Altcoins: Projects like Solana (SOL), Cardano (ADA), and Ozak AI are gaining attention. Ozak AI, in particular, has raised over $3.7 million in presales, offering AI-driven blockchain solutions.  |  |  |  | --- |  | 🔗 Key Trends |  | Tokenization of Real-World Assets (RWAs): The market for tokenized assets has grown substantially, surpassing $30 billion. This includes tokenized Treasury bills and private equity, offering faster settlement and increased transparency.  |  | Institutional Adoption: Financial institutions are increasingly adopting blockchain technology, with central banks exploring its use for asset issuance and record-keeping.  |  | Regulatory Developments: The Financial Stability Board (FSB) has highlighted significant gaps in global crypto regulations, emphasizing the need for international cooperation to address risks associated with the cross-border nature of crypto assets.  |  |  |  | --- |  | 💡 Outlook |  | The crypto market in 2025 is
759447aeb63129bd63f62af794be040c	78	@Phemex_Announcements	1	1	{122838}	73	MEDIUM	SOLANA_DEX_BOT_PROJECT	CLIENT	5769264	987	https://t.me/Phemex_Announcements/5311	2025-10-29 17:52:25+00	2026-09-15 12:46:08.040144+00	LATIN_SCRIPT	💳 PayAI Network (PAYAI): Powering AI Agent Payments on Solana |  | PayAI Network (PAYAI) is a Solana-based token enabling a decentralized marketplace where AI agents autonomously hire, collaborate, and pay each other using the x402 payment protocol. The platform facilitates instant microtransactions from $0.01, eliminating human intermediaries in AI-to-AI commerce. With a fixed 1 billion token supply fully liquid at launch, PAYAI covers network fees and funds ecosystem growth through its 20% tre	💳 PayAI Network (PAYAI): Powering AI Agent Payments on Solana |  | PayAI Network (PAYAI) is a Solana-based token enabling a decentralized marketplace where AI agents autonomously hire, collaborate, and pay each other using the x402 payment protocol. The platform facilitates instant microtransactions from $0.01, eliminating human intermediaries in AI-to-AI commerce. With a fixed 1 billion token supply fully liquid at launch, PAYAI covers network fees and funds ecosystem growth through its 20% treasury allocation. The project has gained momentum with a 140% price surge and the first fully autonomous AI agent contract on Solana, positioning it at the intersection of AI and blockchain payments. |  | Watch for x402 protocol adoption as AI agent economies expand in 2025. |  | 📖Learn More: https://phemex.com/academy/what-is-payai-network-token |  | #PhemexAcademy #AI #ProjectAnalysis
a32c9300f643db169d2316648d5143b1	3	@laborx	1	1	{3}	73	MEDIUM	SOLANA_DEX_BOT_PROJECT	CLIENT	27958	92	https://t.me/laborx/976	2026-03-23 17:31:14+00	2026-09-14 18:31:22.168555+00	LATIN_SCRIPT	🔥 Hot Gigs This Week on LaborX |  | 1. Rust Developer (Solana) |    💰 $10,000-20,000/mo | 🏢 DeFi Protocol | 📍 Remote |  | 2. Smart Contract Engineer |    💰 $9,000-16,000/mo | 🏢 DAO Platform | 📍 Remote |  | 3. Web3 Product Manager |    💰 $8,000-13,000/mo | 🏢 GameFi Studio | 📍 Remote |  | 4. Crypto Compliance Officer |    💰 $7,000-12,000/mo | 🏢 Exchange | 📍 Remote/Hybrid |  | 5. UI/UX Designer (Web3) |    💰 $5,000-9,000/mo | 🏢 Wallet App | 📍 Remote |  | 👉 These gigs won't last — apply now on Labor	🔥 Hot Gigs This Week on LaborX |  | 1. Rust Developer (Solana) |    💰 $10,000-20,000/mo | 🏢 DeFi Protocol | 📍 Remote |  | 2. Smart Contract Engineer |    💰 $9,000-16,000/mo | 🏢 DAO Platform | 📍 Remote |  | 3. Web3 Product Manager |    💰 $8,000-13,000/mo | 🏢 GameFi Studio | 📍 Remote |  | 4. Crypto Compliance Officer |    💰 $7,000-12,000/mo | 🏢 Exchange | 📍 Remote/Hybrid |  | 5. UI/UX Designer (Web3) |    💰 $5,000-9,000/mo | 🏢 Wallet App | 📍 Remote |  | 👉 These gigs won't last — apply now on LaborX! |  | #LaborX #Web3Jobs #CryptoJobs #Freelancing #RemoteWork
759447aeb63129bd63f62af794be040c	76	@Phemex_EN	1	1	{122838}	73	MEDIUM	SOLANA_DEX_BOT_PROJECT	CLIENT	5739296	985	https://t.me/Phemex_EN/922767	2025-10-29 17:52:28+00	2026-09-15 12:40:00.174608+00	LATIN_SCRIPT	💳 PayAI Network (PAYAI): Powering AI Agent Payments on Solana |  | PayAI Network (PAYAI) is a Solana-based token enabling a decentralized marketplace where AI agents autonomously hire, collaborate, and pay each other using the x402 payment protocol. The platform facilitates instant microtransactions from $0.01, eliminating human intermediaries in AI-to-AI commerce. With a fixed 1 billion token supply fully liquid at launch, PAYAI covers network fees and funds ecosystem growth through its 20% tre	💳 PayAI Network (PAYAI): Powering AI Agent Payments on Solana |  | PayAI Network (PAYAI) is a Solana-based token enabling a decentralized marketplace where AI agents autonomously hire, collaborate, and pay each other using the x402 payment protocol. The platform facilitates instant microtransactions from $0.01, eliminating human intermediaries in AI-to-AI commerce. With a fixed 1 billion token supply fully liquid at launch, PAYAI covers network fees and funds ecosystem growth through its 20% treasury allocation. The project has gained momentum with a 140% price surge and the first fully autonomous AI agent contract on Solana, positioning it at the intersection of AI and blockchain payments. |  | Watch for x402 protocol adoption as AI agent economies expand in 2025. |  | 📖Learn More: https://phemex.com/academy/what-is-payai-network-token |  | #PhemexAcademy #AI #ProjectAnalysis
b28a03140dc09f09460d43331a088ffe	35	@DeJob_Global	1	1	{6853}	73	MEDIUM	SOLANA_DEX_BOT_PROJECT	CLIENT	270671	849	https://t.me/DeJob_Global/2323	2026-03-10 11:08:57+00	2026-09-14 19:17:52.060541+00	LATIN_SCRIPT	#Recruitment | 🏡  Trust Wallet    #Wallet | 🐇  Introduction: | https://trustwallet.com/ | A popular cryptocurrency hot wallet that allows users to retain control over their funds.  |  | 🛵  #FullTime #Remote | 📚  #Smart·Contract·Engineer #Engineering | 💰  Salary: $8,500 - $14,000 / month |  | 🌱  Responsibilities: | 1️⃣  Design secure smart contract architecture, protocols(e.g., chain abstraction). | 2️⃣  Develop smart contracts with strong understanding of security & account abstraction. | 3️⃣  R	#Recruitment | 🏡  Trust Wallet    #Wallet | 🐇  Introduction: | https://trustwallet.com/ | A popular cryptocurrency hot wallet that allows users to retain control over their funds.  |  | 🛵  #FullTime #Remote | 📚  #Smart·Contract·Engineer #Engineering | 💰  Salary: $8,500 - $14,000 / month |  | 🌱  Responsibilities: | 1️⃣  Design secure smart contract architecture, protocols(e.g., chain abstraction). | 2️⃣  Develop smart contracts with strong understanding of security & account abstraction. | 3️⃣  Research ZKP, FHE, MPC protocols to be integrated for smart contracts. | 4️⃣  Implement thorough unit/integration/fuzz tests for smart contracts. | 5️⃣  Write formal verification for smart contracts. (e.g., Certora) | 6️⃣  Lead security audits. | 7️⃣  Engage with rust engineers to build on-chain infrastructures. |  | 🌵  Requirements: | 1️⃣  3+ years of smart contract engineering experience. | 2️⃣  Experience writing smart contracts, implementing thorough tests. | 3️⃣  Understanding of ERC-4337, ERC-6900, ERC-7579, EIP-7702. | 4️⃣  Strong attention to security details. | 5️⃣  Deep understanding of EVM memory, execution, solidity details. | 6️⃣  Deep understanding of Cryptography. | 7️⃣  Understanding of Rust systems. | 8️⃣  Solana/SVM & Bitcoin internals knowledge. |  | 📷  Apply: | Email: ying.cao@trustwallet.com | Telegram: @YingCTW |  | 🚧  More Info: https://www.dejob.top/jobDetail?id=6689 |  | 👉 Website | Global Channel | Korean Channel | Discord | Support
8c6153e517d55035c378d4f7786c82dc	22	@jobstash	1	1	{6701}	68	MEDIUM	TRADING_SYSTEM_CONTRACT	RECRUITER	262519	738	https://t.me/jobstash/23399	2026-03-21 14:26:29+00	2026-09-14 19:16:26.462093+00	LATIN_SCRIPT	CARV is hiring a remote TEE Engineer  |  | CARV is looking for a TEE Engineer to design and maintain secure computing environments and construct blockchain technology solutions. |  | 🤓 DID | confidential computing | trusted execution environment | Gramine | TEE | Node.js | Python | Go | cryptography | Rust | Solidity | blockchain | C# | research | smart contract | JavaScript | Occlum | privacy computing |  | Job brought to you for free by JobStash |  | Telegram | X	CARV is hiring a remote TEE Engineer  |  | CARV is looking for a TEE Engineer to design and maintain secure computing environments and construct blockchain technology solutions. |  | 🤓 DID | confidential computing | trusted execution environment | Gramine | TEE | Node.js | Python | Go | cryptography | Rust | Solidity | blockchain | C# | research | smart contract | JavaScript | Occlum | privacy computing |  | Job brought to you for free by JobStash |  | Telegram | X
a915f2b0e37989ec33fd93b8cae7d1b3	22	@jobstash	1	1	{6701}	68	MEDIUM	TRADING_SYSTEM_CONTRACT	RECRUITER	263665	747	https://t.me/jobstash/22246	2026-01-14 01:00:00+00	2026-09-14 19:16:38.171114+00	LATIN_SCRIPT	Flow is hiring a remote Senior Programming Language Engineer, Cadence  |  | Flow Foundation is looking for a Senior Programming Language Engineer to design and implement Cadence, build language features, integrate the language with the on-chain execution environment and develop tooling. |  | 🤓 Developer tooling | compiler | semantic analysis | parsing | type checking | resource-oriented programming | Code generation | Solidity | Go | functional programming | on-chain execution | Rust | testing |	Flow is hiring a remote Senior Programming Language Engineer, Cadence  |  | Flow Foundation is looking for a Senior Programming Language Engineer to design and implement Cadence, build language features, integrate the language with the on-chain execution environment and develop tooling. |  | 🤓 Developer tooling | compiler | semantic analysis | parsing | type checking | resource-oriented programming | Code generation | Solidity | Go | functional programming | on-chain execution | Rust | testing | Programming-language | Python | blockchain | C# | optimization | smart contract | object capabilities |  | Job brought to you for free by JobStash |  | Telegram | X | Farcaster
5f6943a2563ba827a3d270524a50827b	26	@blockchain_job	1	1	{6845}	66	MEDIUM	SOLANA_DEX_BOT_PROJECT	CLIENT	268983	783	https://t.me/blockchain_job/1841	2026-05-06 20:51:32+00	2026-09-14 19:17:34.04311+00	MIXED	#резюме #CV #opentowork |  #recruiter #talentsourcer #hr #talentacquisition #blockchain #crypto #web3 |  | 👋🏻 Добрый день! Предлагаю помощь в подборе сотрудников в команду. |  | Я рекрутер с 6-летним опытом международного найма в FinTech и Blockchain. Закрыла более 300 IT-вакансий уровня middle–senior, включая ключевые роли в Web3. Сейчас фокусируюсь на поиске кандидатов уровня Senior+ и выше. |  | Работаю в основном с холодной базой и собственным нетворком.  Закрываю следующие позиции:  | • Sma	#резюме #CV #opentowork |  #recruiter #talentsourcer #hr #talentacquisition #blockchain #crypto #web3 |  | 👋🏻 Добрый день! Предлагаю помощь в подборе сотрудников в команду. |  | Я рекрутер с 6-летним опытом международного найма в FinTech и Blockchain. Закрыла более 300 IT-вакансий уровня middle–senior, включая ключевые роли в Web3. Сейчас фокусируюсь на поиске кандидатов уровня Senior+ и выше. |  | Работаю в основном с холодной базой и собственным нетворком.  Закрываю следующие позиции:  | • Smart Contract Developer (Solidity / Rust) — Ethereum, Solana, DeFi, NFT, bridges | • Backend Developer (Web3) — Node.js / Go / Python, API и blockchain-интеграции | • Frontend Developer (Web3) — React, ethers.js / wagmi, dApp интерфейсы | • DevOps / Blockchain Infrastructure Engineer — ноды, валидаторы, Kubernetes, RPC | • Security / Smart Contract Auditor — аудит контрактов и безопасность | • Product Manager (Web3 / Crypto) — DeFi, wallets, crypto-продукты | • Marketing Manager (Crypto / Web3) — growth, комьюнити, запуски | • Community Manager / Moderator — Telegram, Discord, поддержка пользователей | • Business Development (BD) / Partnerships — партнёрства, листинги, интеграции | • Research / Analyst (Crypto / DeFi) — аналитика рынков и токенов |  |  🤌🏻Хорошо понимаю специфику рынка. | Буду рада обсудить ваши задачи и оперативно закрыть позиции под ваш запрос. ТГ @mayamintstaff
8edcb04f7f852db1da31eb0bc56f9221	29	@opento_crypto	1	1	{6847}	66	MEDIUM	SOLANA_DEX_BOT_PROJECT	CLIENT	269356	798	https://t.me/opento_crypto/655	2026-04-03 13:35:28+00	2026-09-14 19:17:38.230539+00	MIXED	#бэкенд | Backend Engineer / Unlimit.pro | Remote (full-time or part-time) |  | AI-powered blockchain analytics platform for Solana ecosystem. Processes millions of on-chain transactions in real time to deliver wallet intelligence, token metrics, anomaly detection and predictive insights for traders and institutions. |  | Требования к кандидату: | - 3+ года бэкенд-разработки (Go / Python / Node.js) | - Опыт со стримингом: Kafka/Redpanda, consumer groups, idempotency | - Работа с аналитическими Б	#бэкенд | Backend Engineer / Unlimit.pro | Remote (full-time or part-time) |  | AI-powered blockchain analytics platform for Solana ecosystem. Processes millions of on-chain transactions in real time to deliver wallet intelligence, token metrics, anomaly detection and predictive insights for traders and institutions. |  | Требования к кандидату: | - 3+ года бэкенд-разработки (Go / Python / Node.js) | - Опыт со стримингом: Kafka/Redpanda, consumer groups, idempotency | - Работа с аналитическими БД (ClickHouse предпочтительно) | - Понимание распределённых систем, низколатентных API | - Опыт с кэшированием (Redis) и обработкой больших данных |  | Чем предстоит заниматься: | - Построение ingestion pipeline через Solana Geyser | - Стриминг-сервисы для декодирования транзакций и агрегации данных | - Оптимизация схем в ClickHouse для аналитики в реальном времени | - Интеграция с ML-сервисами для продакшн-скоринга |  | Опыт в Crypto и с Solana - обязательны |  | Для отклика и отправки резюме:  | ТГ: @RecruiterO |  | Другие наши сообщества в крипто рекрутинге:  |  | Crypto Jobs, Blockchain Hunter, Крипто Head Hunter, Crypto Job
d244f75d8836470156ec334e47140512	22	@jobstash	1	1	{6701}	63	MEDIUM	TRADING_SYSTEM_CONTRACT	RECRUITER	262505	737	https://t.me/jobstash/23413	2026-03-21 14:27:39+00	2026-09-14 19:16:26.377065+00	LATIN_SCRIPT	PIN AI is hiring a Research Engineer  |  | PIN AI is looking for a Research Engineer to design and implement protocols for secure AI model execution and develop smart contracts for the Ethereum Layer 2 stack. |  | 🤓 TLSNotary | model governance | decentralized storage | SGX | ZK proof | zkTLS | Layer 2 | Ethereum | confidential compute | model finetuning | blockchain | smart contract |  | Job brought to you for free by JobStash |  | Telegram | X	PIN AI is hiring a Research Engineer  |  | PIN AI is looking for a Research Engineer to design and implement protocols for secure AI model execution and develop smart contracts for the Ethereum Layer 2 stack. |  | 🤓 TLSNotary | model governance | decentralized storage | SGX | ZK proof | zkTLS | Layer 2 | Ethereum | confidential compute | model finetuning | blockchain | smart contract |  | Job brought to you for free by JobStash |  | Telegram | X
35324db1bae4a9d85a89ac7ea352aa45	32	@rabotaweb3	1	1	{6850}	63	MEDIUM	MARKET_MAKING_PROJECT	CLIENT	270127	828	https://t.me/rabotaweb3/2429	2026-03-25 17:10:34+00	2026-09-14 19:17:45.753658+00	MIXED	🖥 Нужен Business Development Manager / Deal Architect (Web3 / AI / VC Studio) |  | 📌 О проекте |  | ✔️ Hybrid Venture Studio на стыке VC и growth-агентства; | ✔️ Работаем по модели leveraged co-investment (инвестируем в рост проектов через маркетинг); | ✔️ Формируем совместный маркетинговый пул (наши средства + treasury проекта); | ✔️ Используем собственную growth-инфраструктуру (KOL, performance, on-chain incentives, community); | ✔️ Взамен получаем equity / токены (15–35%) с performance-вестин	🖥 Нужен Business Development Manager / Deal Architect (Web3 / AI / VC Studio) |  | 📌 О проекте |  | ✔️ Hybrid Venture Studio на стыке VC и growth-агентства; | ✔️ Работаем по модели leveraged co-investment (инвестируем в рост проектов через маркетинг); | ✔️ Формируем совместный маркетинговый пул (наши средства + treasury проекта); | ✔️ Используем собственную growth-инфраструктуру (KOL, performance, on-chain incentives, community); | ✔️ Взамен получаем equity / токены (15–35%) с performance-вестингом (DAU, TVL, volume); | ✔️ Фокус на направлениях: RWA, AI + Crypto, CeDeFi, infrastructure, stablecoins. | ➡️ Роль подойдёт «хантеру», который умеет генерировать deal flow и закрывать сделки с Web3/AI проектами. |  | 📌 Задачи |  | ✔️ Поиск и привлечение проектов (инкубаторы, гранты, on-chain данные, нетворкинг); | ✔️ Outreach на founders, CEO, Heads of Growth (Telegram, LinkedIn, X, конференции); | ✔️ Ведение воронки и структурирование сделок; | ✔️ Проведение discovery-звонков (потребности, ликвидность, комьюнити); | ✔️ Участие в переговорах и закрытии сделок; | ✔️ Развитие партнёрств с VC-фондами, инкубаторами и KOL-агентствами; | ✔️ Участие в конференциях и индустриальных мероприятиях. |  | 📌 Требования |  | ✔️ Опыт в Business Development / партнерствах (Web3 / AI / high-tech / Web2); | ✔️ Понимание структуры сделок и работы с equity; | ✔️ Опыт взаимодействия с founders; | ✔️ Английский от B2 (возможны исключения); | ✔️ Навык холодного outreach и превращения контактов в сделки; | ✔️ Умение продавать сложные продукты и финансовые модели; | ✔️ Самостоятельность и ориентация на результат; | ✔️ Наличие сети контактов (VC, founders, KOL) будет преимуществом. |  | 📌 Условия |  | ✔️ Формат: full-time или part-time; | ✔️ Доход: фикс 1 000 – 5 000 $ / мес; | ✔️ Бонусы: | ✔️ % от equity-доли студии в закрытых сделках (≈5–15% от доли команды); | ✔️ Дополнительные cash-бонусы; | ✔️ Участие в создании портфеля проектов и капитала; | ✔️ Все условия обсуждаются индивидуально. |  | ✉️ Контакты: |  | Telegram: @givtab | При отклике отправьте резюме. |  | #вакансия #businessdevelopment #bdm #web3 #ai #growth #remote #fulltime #parttime #equity
37ae62fbcf2abe5f5cf54778ec050ca9	32	@rabotaweb3	1	1	{6850}	63	MEDIUM	MARKET_MAKING_PROJECT	CLIENT	270117	826	https://t.me/rabotaweb3/2440	2026-04-19 13:01:09+00	2026-09-14 19:17:45.649065+00	MIXED	🖥 Нужен Business Development Manager / Deal Architect (Web3 / AI / VC) |  | 📌 О проекте |  | ✔️ Венчурная команда с гибридной моделью работы; | ✔️ Фокус на сделках с Web3 / AI / high-tech проектами; | ✔️ Основная задача — генерация deal flow и масштабирование партнёрств. |  | ➡️ Роль подойдёт «хантеру», который умеет находить проекты, выстраивать связи и доводить сделки до закрытия. |  | 📌 Задачи |  | ✔️ Генерация deal flow и поиск проектов; | ✔️ Outreach на founders, CEOs, Heads of Growth (Tele	🖥 Нужен Business Development Manager / Deal Architect (Web3 / AI / VC) |  | 📌 О проекте |  | ✔️ Венчурная команда с гибридной моделью работы; | ✔️ Фокус на сделках с Web3 / AI / high-tech проектами; | ✔️ Основная задача — генерация deal flow и масштабирование партнёрств. |  | ➡️ Роль подойдёт «хантеру», который умеет находить проекты, выстраивать связи и доводить сделки до закрытия. |  | 📌 Задачи |  | ✔️ Генерация deal flow и поиск проектов; | ✔️ Outreach на founders, CEOs, Heads of Growth (Telegram, LinkedIn, X, конференции); | ✔️ Проведение discovery-звонков (потребности, ликвидность и др.); | ✔️ Структурирование и сопровождение сделок; | ✔️ Участие в переговорах; | ✔️ Развитие нетворка (VC-фонды, инкубаторы и др.); | ✔️ Участие в конференциях, саммитах и закрытых мероприятиях. |  | 📌 Требования |  | ✔️ Опыт в Business Development / партнёрствах (Web3 / AI / high-tech / Web2); | ✔️ Опыт работы с founders; | ✔️ Английский от B2 (возможны исключения); | ✔️ Самостоятельность и ориентация на результат; | ✔️ Наличие собственной сети контактов (founders, VC и др.) будет плюсом. |  | 📌 Условия |  | ✔️ Формат: full-time или part-time; | ✔️ Фикс: 2 500 – 5 000 $ / мес (возможен рост); | ✔️ Бонусы: | ✔️ % за превышение KPI; | ✔️ % со сделок; | ✔️ % в виде equity закрытых клиентов; | ✔️ Фикс за организацию потенциально значимых звонков; | ✔️ Дополнительные бонусы обсуждаются индивидуально. |  | ✉️ Контакты: |  | Telegram: @tontmg | При отклике сразу отправляйте резюме. |  | #вакансия #businessdevelopment #bdm #web3 #ai #growth #remote #fulltime #parttime #equity
58bf0039bb6b167d400f5753dbd0f696	57	@BybitEnglish	1	1	{44347}	63	MEDIUM	MARKET_MAKING_PROJECT	CLIENT	1218547	952	https://t.me/BybitEnglish/3846971	2025-09-23 04:42:27+00	2026-09-14 22:39:04.121865+00	LATIN_SCRIPT	### Analytical Report on AI Agents in DeFi Protocols |  | #### Introduction | The integration of AI agents into decentralized finance (DeFi) protocols presents both significant opportunities and risks. As the DeFi landscape continues to evolve, understanding these factors is crucial for stakeholders involved in this innovative sector. |  | #### Biggest Opportunity: Enhanced Efficiency and Market Access | AI agents can autonomously trade, borrow, and lend within DeFi protocols, leading to several	### Analytical Report on AI Agents in DeFi Protocols |  | #### Introduction | The integration of AI agents into decentralized finance (DeFi) protocols presents both significant opportunities and risks. As the DeFi landscape continues to evolve, understanding these factors is crucial for stakeholders involved in this innovative sector. |  | #### Biggest Opportunity: Enhanced Efficiency and Market Access | AI agents can autonomously trade, borrow, and lend within DeFi protocols, leading to several key advantages: |  | 1. Increased Efficiency: AI can analyze vast amounts of market data in real-time, enabling it to execute trades and manage assets more efficiently than human traders. This can lead to optimized trading strategies and improved liquidity in the market. |  | 2. 24/7 Market Participation: Unlike human traders, AI agents can operate continuously without the need for breaks. This allows for constant market engagement, capturing opportunities that may arise at any time. |  | 3. Data-Driven Decision Making: AI can leverage advanced algorithms and machine learning to identify patterns and trends in market behavior, leading to more informed trading decisions. This data-driven approach can enhance profitability and reduce emotional biases often seen in human trading. |  | 4. Access to Diverse Strategies: AI agents can implement a variety of trading strategies simultaneously, including arbitrage, market making, and yield farming. This diversification can help mitigate risks and enhance returns. |  | #### Biggest Risk: Smart Contract Vulnerabilities | While the potential benefits are substantial, the deployment of AI agents in DeFi also introduces significant risks, particularly related to smart contracts: |  | 1. Smart Contract Exploits: DeFi protocols rely heavily on smart contracts, which are susceptible to bugs and vulnerabilities. If an AI agent interacts with a compromised contract, it could lead to substantial financial losses. |  | 2. Market Manipulation: Autonomous trading by AI agents could lead to unintended market manipulation. If multiple AI agents employ similar strategies, it could create volatility and distort market prices, leading to adverse effects for other participants. |  | 3. Regulatory Uncertainty: The use of AI in trading raises questions about compliance with existing regulations. As regulatory frameworks evolve, AI agents may face legal challenges that could impact their operations and the broader DeFi ecosystem. |  | 4. Lack of Accountability: The autonomous nature of AI agents may lead to challenges in accountability. In the event of a loss or exploit, determining responsibility can be complex, potentially leading to disputes among stakeholders. |  | #### Conclusion | The integration of AI agents into DeFi protocols presents a dual-edged sword of opportunities and risks. While the potential for enhanced efficiency, continuous market participation, and data-driven decision-making is significant, stakeholders must remain vigilant regarding smart contract vulnerabilities, market manipulation, regulatory uncertainties, and accountability issues. A balanced approach that leverages the strengths of AI while addressing its inherent risks will be essential for the sustainable growth of DeFi in the future. |  | Risk Disclosure: Predictions are for reference only, not investment advice. Investing involves risks; please make decisions cautiously.For any inquiries about Bybit's products and services, please contact Bybit Help Center or Bybit Customer Service.
58768a663e8e41cf1e7162f1e2e0abeb	22	@jobstash	1	1	{6701}	63	MEDIUM	TRADING_SYSTEM_CONTRACT	RECRUITER	263664	746	https://t.me/jobstash/22247	2026-01-14 01:00:00+00	2026-09-14 19:16:38.164603+00	LATIN_SCRIPT	Flow is hiring a remote Senior Software Engineer, Flow Protocol, Execution  |  | Flow is looking for a Senior Software Engineer to build and improve core Flow execution components to enhance performance scalability and reliability. |  | 🤓 cadence | Byzantine fault tolerance | network operations | Performance optimization | Go | Scalability | Profiling | architecture | Software design | high availability | distributed system | blockchain | smart contract | Algorithm engineering |  | Job brought t	Flow is hiring a remote Senior Software Engineer, Flow Protocol, Execution  |  | Flow is looking for a Senior Software Engineer to build and improve core Flow execution components to enhance performance scalability and reliability. |  | 🤓 cadence | Byzantine fault tolerance | network operations | Performance optimization | Go | Scalability | Profiling | architecture | Software design | high availability | distributed system | blockchain | smart contract | Algorithm engineering |  | Job brought to you for free by JobStash |  | Telegram | X | Farcaster
96a7f9cdc710e56eea12385dc5d7396f	57	@BybitEnglish	1	1	{44347}	63	MEDIUM	MARKET_MAKING_PROJECT	CLIENT	1113753	950	https://t.me/BybitEnglish/4064965	2026-01-26 14:35:54+00	2026-09-14 22:18:10.902594+00	LATIN_SCRIPT	### Common Statistical Arbitrage Strategies Used by Quantitative Traders |  | Statistical arbitrage (stat arb) is a trading strategy that seeks to exploit pricing inefficiencies between related financial instruments. Quantitative traders often employ various statistical methods and models to identify these opportunities. Below are some common strategies used in statistical arbitrage: |  | #### 1. Pairs Trading | Pairs trading involves identifying two correlated assets and taking opposing positio	### Common Statistical Arbitrage Strategies Used by Quantitative Traders |  | Statistical arbitrage (stat arb) is a trading strategy that seeks to exploit pricing inefficiencies between related financial instruments. Quantitative traders often employ various statistical methods and models to identify these opportunities. Below are some common strategies used in statistical arbitrage: |  | #### 1. Pairs Trading | Pairs trading involves identifying two correlated assets and taking opposing positions in them. When the price relationship deviates from its historical norm, traders will buy the undervalued asset and sell the overvalued one, expecting the prices to converge. |  | #### 2. Mean Reversion | This strategy is based on the assumption that asset prices will revert to their historical mean over time. Traders identify assets that have deviated significantly from their average price and take positions expecting a return to the mean. |  | #### 3. Cointegration | Cointegration is a statistical property of time series variables that indicates a long-term equilibrium relationship. Traders use cointegration tests to identify pairs of assets that move together over time. When the spread between these assets widens, traders can take positions anticipating a return to the equilibrium. |  | #### 4. Market Making | Market makers provide liquidity by placing buy and sell orders for assets. They profit from the bid-ask spread and can use statistical models to predict price movements and manage inventory risk effectively. |  | #### 5. Multi-Factor Models | Quantitative traders often use multi-factor models that incorporate various financial indicators (e.g., momentum, value, size) to identify mispriced assets. By analyzing multiple factors, traders can construct portfolios that are expected to outperform the market. |  | #### 6. Machine Learning Algorithms | With advancements in technology, many quantitative traders are now using machine learning algorithms to analyze vast amounts of data. These algorithms can identify complex patterns and relationships that traditional statistical methods might miss, allowing for more sophisticated arbitrage opportunities. |  | #### 7. Event-Driven Strategies | Event-driven strategies focus on specific events (e.g., earnings announcements, mergers, or acquisitions) that can lead to price discrepancies. Traders analyze historical data to predict how these events will impact asset prices and position themselves accordingly. |  | ### Conclusion | Statistical arbitrage strategies are diverse and can be tailored to fit various market conditions and asset classes. By leveraging statistical methods and quantitative analysis, traders aim to capitalize on inefficiencies in the market, ultimately seeking to generate profits with controlled risk. As the market evolves, so too do the strategies employed by quantitative traders, making continuous research and adaptation essential for success. |  | Risk Disclosure: Predictions are for reference only, not investment advice. Investing involves risks; please make decisions cautiously.For any inquiries about Bybit's products and services, please contact Bybit Help Center or Bybit Customer Service.
2563735e5a34bed1cfbbb11923fd83fd	46	@DEXToolsCommunity	1	1	{18590}	61	MEDIUM	SOLANA_DEX_BOT_PROJECT	CLIENT	370328	937	https://t.me/DEXToolsCommunity/498606	2026-04-14 17:15:05+00	2026-09-14 19:43:53.221116+00	LATIN_SCRIPT	Hi team, I’m facing an issue while trying to proceed with my token setup on DEXTools. |  | My token is on the Solana network, and during the process I’m being shown the AI Audit option (“Yes, I want my AI audit”). Since this feature is only for EVM chains, I’m not selecting it — but the platform is not letting me move forward and seems stuck on this step. |  | Token details: | • Name: GRAM | • Project: Blockgram | • Network: Solana | • Contract: JA5mHRoGXNvjfBQPYzhnoENLiVhZPhkKg2nxzx2xvaQT |  | 	Hi team, I’m facing an issue while trying to proceed with my token setup on DEXTools. |  | My token is on the Solana network, and during the process I’m being shown the AI Audit option (“Yes, I want my AI audit”). Since this feature is only for EVM chains, I’m not selecting it — but the platform is not letting me move forward and seems stuck on this step. |  | Token details: | • Name: GRAM | • Project: Blockgram | • Network: Solana | • Contract: JA5mHRoGXNvjfBQPYzhnoENLiVhZPhkKg2nxzx2xvaQT |  | I’ve already tried: | • Leaving the AI audit unchecked | • Refreshing and reconnecting wallet | • Using a different browser |  | Still facing the same issue. |  | Can someone please guide me on how to proceed or if there’s a separate flow for Solana tokens? |  | Thanks in advance!
6f2161bdcfb6591ab276ba42a776ebd6	26	@blockchain_job	1	1	{6845}	61	MEDIUM	SOLANA_DEX_BOT_PROJECT	CLIENT	268975	782	https://t.me/blockchain_job/1849	2026-06-04 10:52:41+00	2026-09-14 19:17:33.943089+00	MIXED	#Резюме #ИщуРаботу #Backend #Golang #DotNet #Solidity #Blockchain #Crypto #Web3 #Remote #Fulltime #Freelance |  | Senior Software Engineer — Blockchain & Fintech |  |  ▪️О себе |   Инженер с опытом 10+ лет. Специализация — крипто-платёжная инфраструктура и блокчейн-бэкенд. Удалённо, готов начать сразу. |  |   ▪️Что делал |   ▫️Forebit — крипто-платёжная платформа: некастодиальные кошельки, API приёма крипты, сверка fiat↔on-chain (BTC/ETH/SOL) |   ▫️Смарт-контракты EVM (Solidity): Ethereum + Tron	#Резюме #ИщуРаботу #Backend #Golang #DotNet #Solidity #Blockchain #Crypto #Web3 #Remote #Fulltime #Freelance |  | Senior Software Engineer — Blockchain & Fintech |  |  ▪️О себе |   Инженер с опытом 10+ лет. Специализация — крипто-платёжная инфраструктура и блокчейн-бэкенд. Удалённо, готов начать сразу. |  |   ▪️Что делал |   ▫️Forebit — крипто-платёжная платформа: некастодиальные кошельки, API приёма крипты, сверка fiat↔on-chain (BTC/ETH/SOL) |   ▫️Смарт-контракты EVM (Solidity): Ethereum + Tron, а также TON и Solana |   ▫️AI-агенты — мультиагентные LLM-системы, продакшн Telegram-боты |   ▫️Высоконагруженный бэкенд на Go и C#/.NET, интеграции платёжных и ERP-систем |  |   ▪️Стек |   Go, C#/.NET, Solidity, PostgreSQL / MS SQL, Docker, REST/gRPC, Linux |  |   ▪️Под какие задачи подхожу |   ▫️Крипто-платежи, кошельки, сеттлмент, on/off-ramp |   ▫️Смарт-контракты (разработка, ревью, подготовка к аудиту) |   ▫️Бэкенд-API, боты, автоматизация, интеграции |   ▫️Запуск и поддержка продакшн-инфраструктуры |  |   ▪️Формат |   ▫️Удалённо, любой часовой пояс (база — Пномпень, GMT+7) |   ▫️Fulltime или контракт/проект |   ▫️Оплата фиат или USDT |  |   ▪️Контакты |       @gordon32
6fcd8b793f77facda443e0fc307eb7fa	9	@solana_jobs	1	1	{4051}	61	MEDIUM	SOLANA_DEX_BOT_PROJECT	CLIENT	59162	434	https://t.me/solana_jobs/9922	2025-09-23 09:40:22+00	2026-09-14 18:39:32.138241+00	LATIN_SCRIPT	Solana Rust dev specializing in smart contract development with rust and anchor with experience in defi, gamefi, trading bots, ai agent. | https://github.com/roswelly	Solana Rust dev specializing in smart contract development with rust and anchor with experience in defi, gamefi, trading bots, ai agent. | https://github.com/roswelly
716b75190875954dca1ada1044bd0d94	67	@MEXCEnglish	1	1	{12049}	61	MEDIUM	SOLANA_DEX_BOT_PROJECT	CLIENT	4947149	964	https://t.me/MEXCEnglish/8578269	2026-05-08 08:03:55+00	2026-09-15 10:04:59.815292+00	LATIN_SCRIPT	1️⃣ ZAMA liquidity remains relatively thin compared to its market cap, which indicates that large trades can impact price more easily. While this adds volatility, it also creates opportunities for early investors to benefit from price expansion if the project gains traction, partnerships and stronger exchange activity. |  | 2️⃣ In the last month Solana has shown stronger momentum than Ethereum, mainly due to higher user activity, low fees and increased interest in DeFi and meme tokens on Solana.	1️⃣ ZAMA liquidity remains relatively thin compared to its market cap, which indicates that large trades can impact price more easily. While this adds volatility, it also creates opportunities for early investors to benefit from price expansion if the project gains traction, partnerships and stronger exchange activity. |  | 2️⃣ In the last month Solana has shown stronger momentum than Ethereum, mainly due to higher user activity, low fees and increased interest in DeFi and meme tokens on Solana. Ethereum on the other hand, maintained a more consistent and less volatile trend, supported by institutional confidence and its dominant smart contract ecosystem. |  | 3️⃣ The initial excitement around AI token projects has slowed, as many tokens experienced early speculative pumps followed by corrections. However the sector is not dead projects with real AI integration, strong use cases and continuous development still have long-term potential beyond short-term hype cycles. |  | 4️⃣ MEXC offers a wide range of reward systems and referral benefits that enhance user earnings. Traders can receive bonuses, participate in airdrops, earn passive income through staking or events and gain commissions by inviting others. These features not only increase engagement but also provide multiple income streams alongside active trading.
7857513da1154ff32c6b51c88da18ece	8	@solanadev	1	1	{4232}	61	MEDIUM	SOLANA_DEX_BOT_PROJECT	CLIENT	58136	365	https://t.me/solanadev/23034	2025-11-23 09:23:09+00	2026-09-14 18:39:13.395498+00	LATIN_SCRIPT	Hello, Do you need developer support for your blockchain projects or any technical issues? |  | I’m a full-stack developer and can help with the following: |  | • Custom Telegram bots | • Smart contracts | • Token creation and launching | • Bundler bots | • Blockchain DApps | DEX | Pre-sale | Staking, etc. | • Sniper bots | MEV bots | • Anti-draining protection | • Volume bots | Trending bots | • Web automation services | • Web3 tutoring |  | I always create custom solutions, scripts, bots, or s	Hello, Do you need developer support for your blockchain projects or any technical issues? |  | I’m a full-stack developer and can help with the following: |  | • Custom Telegram bots | • Smart contracts | • Token creation and launching | • Bundler bots | • Blockchain DApps | DEX | Pre-sale | Staking, etc. | • Sniper bots | MEV bots | • Anti-draining protection | • Volume bots | Trending bots | • Web automation services | • Web3 tutoring |  | I always create custom solutions, scripts, bots, or software working to your needs. | Let me know if you’d like anything done. Thanks!
7857513da1154ff32c6b51c88da18ece	70	@CoinExOfficialEN	1	1	{120502}	61	MEDIUM	SOLANA_DEX_BOT_PROJECT	CLIENT	5530660	984	https://t.me/CoinExOfficialEN/1532957	2025-11-30 08:04:39+00	2026-09-15 11:56:30.850754+00	LATIN_SCRIPT	Hello, Do you need developer support for your blockchain projects or any technical issues? |  | I’m a full-stack developer and can help with the following: |  | • Custom Telegram bots | • Smart contracts | • Token creation and launching | • Bundler bots | • Blockchain DApps | DEX | Pre-sale | Staking, etc. | • Sniper bots | MEV bots | • Anti-draining protection | • Volume bots | Trending bots | • Web automation services | • Web3 tutoring |  | I always create custom solutions, scripts, bots, or s	Hello, Do you need developer support for your blockchain projects or any technical issues? |  | I’m a full-stack developer and can help with the following: |  | • Custom Telegram bots | • Smart contracts | • Token creation and launching | • Bundler bots | • Blockchain DApps | DEX | Pre-sale | Staking, etc. | • Sniper bots | MEV bots | • Anti-draining protection | • Volume bots | Trending bots | • Web automation services | • Web3 tutoring |  | I always create custom solutions, scripts, bots, or software working to your needs. | Let me know if you’d like anything done. Thanks!
7897b018141d8e81e967d5e49dd17028	61	@KuCoin_Exchange	1	1	{82949}	61	MEDIUM	SOLANA_DEX_BOT_PROJECT	CLIENT	3004452	956	https://t.me/Kucoin_Exchange/11605530	2025-10-19 08:15:29+00	2026-09-15 04:07:14.610953+00	LATIN_SCRIPT	🔥💸 Love the enthusiasm! 😊 Ethereum and Solana are indeed solid choices, especially with their strong DeFi and smart contract foundations. AI-focused tokens and cross-chain projects do have potential, but it's essential to keep a close eye on market trends and momentum. |  | As for me, I'm always up for discussing crypto and exploring new opportunities! 🤝 Established players like Bitcoin and Ethereum are always worth considering, but I'm also intrigued by hidden gems and up-and-coming projects	🔥💸 Love the enthusiasm! 😊 Ethereum and Solana are indeed solid choices, especially with their strong DeFi and smart contract foundations. AI-focused tokens and cross-chain projects do have potential, but it's essential to keep a close eye on market trends and momentum. |  | As for me, I'm always up for discussing crypto and exploring new opportunities! 🤝 Established players like Bitcoin and Ethereum are always worth considering, but I'm also intrigued by hidden gems and up-and-coming projects
7bf62ea89698660a13a8bc7a3d096fe0	67	@MEXCEnglish	1	1	{53278}	61	MEDIUM	SOLANA_DEX_BOT_PROJECT	CLIENT	5302291	978	https://t.me/MEXCEnglish/8076096	2025-11-19 17:01:30+00	2026-09-15 11:12:11.761441+00	LATIN_SCRIPT	1. | Major Web3 ecosystems—Ethereum, Solana, Near, BNB Chain—start forming alliances with AI projects to improve security, smart contract auditing, and on-chain intelligence. AI tools begin detecting hacks before they happen. Developers can write entire dApps using natural language. As blockchain merges with intelligence, AI tokens become the infrastructure powering this new hybrid world. The next bull run becomes known as the era when blockchains started thinking—and AI tokens become the core f	1. | Major Web3 ecosystems—Ethereum, Solana, Near, BNB Chain—start forming alliances with AI projects to improve security, smart contract auditing, and on-chain intelligence. AI tools begin detecting hacks before they happen. Developers can write entire dApps using natural language. As blockchain merges with intelligence, AI tokens become the infrastructure powering this new hybrid world. The next bull run becomes known as the era when blockchains started thinking—and AI tokens become the core fuel of that revolution.
55079120dc451cce0fef54b9f99736c3	67	@MEXCEnglish	1	1	{12059}	61	MEDIUM	SOLANA_DEX_BOT_PROJECT	CLIENT	5007644	966	https://t.me/MEXCEnglish/8496010	2026-04-03 18:02:27+00	2026-09-15 10:16:11.805433+00	LATIN_SCRIPT	SOL and XRP have strong narratives but differ significantly in use cases. Solana is a high performance blockchain competing directly with Ethereum in DeFi, NFTs and dApps, offering faster and cheaper transactions. XRP, meanwhile, focuses on cross border payments and partnerships with financial institutions. In terms of outperforming Ethereum SOL has a higher chance due to its direct competition in the smart contract ecosystem and growing developer activity. XRP could see spikes based on regulato	SOL and XRP have strong narratives but differ significantly in use cases. Solana is a high performance blockchain competing directly with Ethereum in DeFi, NFTs and dApps, offering faster and cheaper transactions. XRP, meanwhile, focuses on cross border payments and partnerships with financial institutions. In terms of outperforming Ethereum SOL has a higher chance due to its direct competition in the smart contract ecosystem and growing developer activity. XRP could see spikes based on regulatory clarity and adoption but its growth trajectory is less tied to the broader Web3 ecosystem compared to SOL
81adf5775af9b81a4625e02470f208dc	9	@solana_jobs	1	1	{4697}	61	MEDIUM	SOLANA_DEX_BOT_PROJECT	CLIENT	59128	432	https://t.me/solana_jobs/10128	2025-10-06 12:11:37+00	2026-09-14 18:39:31.279012+00	LATIN_SCRIPT	1. Solana Smart Contract Engineer (Rust) Mid-Senior |  | Payment is discussed during the interview. An equity-sharing model is possible. |  | Responsibilities: |  | Design and implement the core Solana on-chain logic: |  | Leverage execution |  | Position management |  | Liquidation triggers |  | Pool mechanics for a single trading pair |  | Write unit tests and simulate testnet trading activity. |  | Optimize compute unit consumption and ensure transaction efficiency. |  | Requirements: |  | 3+	1. Solana Smart Contract Engineer (Rust) Mid-Senior |  | Payment is discussed during the interview. An equity-sharing model is possible. |  | Responsibilities: |  | Design and implement the core Solana on-chain logic: |  | Leverage execution |  | Position management |  | Liquidation triggers |  | Pool mechanics for a single trading pair |  | Write unit tests and simulate testnet trading activity. |  | Optimize compute unit consumption and ensure transaction efficiency. |  | Requirements: |  | 3+ years of Rust experience. |  | Proven experience with Solana Program Library (SPL) and Anchor framework. |  | Strong understanding of token accounts, PDAs, CPI calls, and security best practices. |  | Experience debugging on-chain programs and deploying to Solana devnet/testnet. |  | Mid-Senior level.
50be4918360ce75b99d0262af0e376e4	67	@MEXCEnglish	1	1	{12049}	61	MEDIUM	COPY_TRADING_PROJECT	CLIENT	5094057	974	https://t.me/MEXCEnglish/8374442	2026-02-20 03:54:01+00	2026-09-15 10:31:55.543866+00	LATIN_SCRIPT	🫨 MEXC copy trading is fundamentally different from traditional trading because it focuses on automation, accessibility and efficiency. In traditional trading, traders must perform their own technical and fundamental analysis, monitor price movements constantly and manually execute each trade. This process is time-consuming and requires experience, knowledge and emotional discipline. MEXC copy trading allows users to select professional traders based on past performance, risk level and strategy 	🫨 MEXC copy trading is fundamentally different from traditional trading because it focuses on automation, accessibility and efficiency. In traditional trading, traders must perform their own technical and fundamental analysis, monitor price movements constantly and manually execute each trade. This process is time-consuming and requires experience, knowledge and emotional discipline. MEXC copy trading allows users to select professional traders based on past performance, risk level and strategy type, then automatically replicate their trades. Users retain control over capital allocation and risk management settings, making the platform suitable for both beginners and experienced traders. This approach simplifies trading while providing exposure to professional strategies, reducing the pressure of decision-making. |  | 🫨 XRP has reacted closely to Bitcoin’s recent volatility, often moving in the same direction as BTC. Since Bitcoin is the leading cryptocurrency, its sharp swings tend to influence overall market sentiment, causing altcoins like XRP to experience correlated volatility. However, XRP can also show independent movements depending on project-specific news, legal updates or partnerships that impact its ecosystem. While Bitcoin generally sets the short-term market tone, XRP’s own fundamentals and developments can create unique price responses even during high BTC volatility. |  | 🫨 Silver could move below its current support level if selling pressure strengthens or macroeconomic conditions worsen. Factors such as a stronger US dollar, rising interest rates, or reduced industrial demand can push prices lower. If the support level breaks with strong momentum, technical selling could trigger further downside. However, silver is often considered a safe-haven asset, so buyers may step in at key support levels to stabilize or reverse the decline. Monitoring market sentiment, global economic indicators and technical patterns is crucial to anticipate potential movements. |  | 🫨 MEXC copy trading is exceptional because it combines automation, transparency, and flexibility in a single platform. Users can review detailed performance metrics, including profit history, risk level, and trading style, before choosing traders to follow. Trades are executed automatically in real time, reducing emotional errors such as panic selling or overtrading. Users can also diversify by copying multiple traders with different strategies, which allows for better risk distribution. This balance of convenience, control, and accessibility makes MEXC copy trading attractive for beginners who want to learn from professionals, as well as for experienced traders looking to efficiently manage multiple strategies simultaneously.
4e3f8201af582a126a3b06c0d2ad2495	57	@BybitEnglish	1	1	{44347}	61	MEDIUM	SOLANA_DEX_BOT_PROJECT	CLIENT	932163	945	https://t.me/BybitEnglish/4345791	2026-06-19 13:30:48+00	2026-09-14 21:44:10.273186+00	LATIN_SCRIPT	Building a perfect crypto portfolio for an AI-powered economy in 2030 would involve selecting assets that are likely to thrive in a technology-driven landscape. Here’s a suggested portfolio allocation: |  | 1. Ethereum (ETH) - 30% |    - Reason: As a leading smart contract platform, Ethereum is essential for decentralized applications (dApps) and AI integration. Its ongoing upgrades (like Ethereum 2.0) aim to improve scalability and sustainability. |  | 2. Chainlink (LINK) - 20% |    - Reason: C	Building a perfect crypto portfolio for an AI-powered economy in 2030 would involve selecting assets that are likely to thrive in a technology-driven landscape. Here’s a suggested portfolio allocation: |  | 1. Ethereum (ETH) - 30% |    - Reason: As a leading smart contract platform, Ethereum is essential for decentralized applications (dApps) and AI integration. Its ongoing upgrades (like Ethereum 2.0) aim to improve scalability and sustainability. |  | 2. Chainlink (LINK) - 20% |    - Reason: Chainlink provides reliable oracles that connect smart contracts with real-world data, crucial for AI applications that require accurate data feeds. |  | 3. Cardano (ADA) - 15% |    - Reason: Known for its research-driven approach, Cardano focuses on scalability and sustainability, making it a strong candidate for future AI applications. |  | 4. Polkadot (DOT) - 15% |    - Reason: Polkadot enables interoperability between different blockchains, which is vital for AI systems that may need to communicate across various networks. |  | 5. Fetch.ai (FET) - 10% |    - Reason: Fetch.ai is designed specifically for AI and machine learning applications, making it a direct play on the growth of AI technologies. |  | 6. Solana (SOL) - 5% |    - Reason: With its high throughput and low transaction costs, Solana is well-suited for applications requiring fast and efficient processing, including AI-driven platforms. |  | 7. Bitcoin (BTC) - 5% |    - Reason: As the first and most recognized cryptocurrency, Bitcoin serves as a hedge against market volatility and remains a store of value. |  | 8. Stablecoins (USDC or USDT) - 5% |    - Reason: Allocating a small percentage to stablecoins provides liquidity and stability, allowing for quick adjustments to the portfolio as market conditions change. |  | ### Summary: | - Ethereum (ETH): 30% | - Chainlink (LINK): 20% | - Cardano (ADA): 15% | - Polkadot (DOT): 15% | - Fetch.ai (FET): 10% | - Solana (SOL): 5% | - Bitcoin (BTC): 5% | - Stablecoins: 5% |  | This portfolio is designed to leverage the strengths of various blockchain technologies while focusing on those that are likely to benefit from the growth of AI in the coming years. |  | Risk Disclosure: Predictions are for reference only, not investment advice. Investing involves risks; please make decisions cautiously.For any inquiries about Bybit's products and services, please contact Bybit Help Center or Bybit Customer Service.
970c832b646a63f0bda8dcfd6ceda898	35	@DeJob_Global	1	1	{6853}	61	MEDIUM	SOLANA_DEX_BOT_PROJECT	CLIENT	270807	853	https://t.me/DeJob_Global/2186	2025-09-29 07:28:35+00	2026-09-14 19:17:53.801763+00	LATIN_SCRIPT	#Recruitment | 🏡  Codigo    #AI  #Dev·Platform | 🐇  Introduction: | https://codigo.ai/ | A development platform that automates the development lifecycle, from code generation, testing, build, deployment, data, and security. |  | 🛵  #FullTime #Remote | 📚  #Solana·Developer #Engineering |  | 🌱  Responsibilities: | 1️⃣  Design and implement Solana programs using Anchor and Vanilla | 2️⃣  Develop and maintain reusable smart contract templates for key use cases (NFTs, DeFi, governance, etc.) | 3️⃣  C	#Recruitment | 🏡  Codigo    #AI  #Dev·Platform | 🐇  Introduction: | https://codigo.ai/ | A development platform that automates the development lifecycle, from code generation, testing, build, deployment, data, and security. |  | 🛵  #FullTime #Remote | 📚  #Solana·Developer #Engineering |  | 🌱  Responsibilities: | 1️⃣  Design and implement Solana programs using Anchor and Vanilla | 2️⃣  Develop and maintain reusable smart contract templates for key use cases (NFTs, DeFi, governance, etc.) | 3️⃣  Collaborate with our AI team to enable program synthesis, security validation, and runtime simulation | 4️⃣  Write robust unit and integration tests for all on-chain and off-chain components | 5️⃣  Review and refactor code to optimize for safety, performance, and clarity | 6️⃣  Stay up to date with Solana runtime changes, new SDKs, and ecosystem best practices | 7️⃣  Contribute to internal tooling for deploying, simulating, and debugging programs |  | 🌵  Requirements: | 1️⃣  2+ years of experience in Go (used for internal infra and backend services) | 2️⃣  1+ years of hands-on experience developing Solana programs, with strong proficiency in both Anchor and Vanilla | 3️⃣  Familiarity with Solana concepts like Accounts, PDAs, CPIs, Compute Units optimization, and runtime constraints | 4️⃣  Strong understanding of Solana program security and performance tradeoffs | 5️⃣  Comfort working in a fast-paced, collaborative, and remote-first environment | 6️⃣  Git proficiency and experience with modern dev workflows (testing, CI/CD, etc.) | 💡 Nice to Have | 1️⃣  Experience contributing to or maintaining open-source Solana projects | 2️⃣  Familiarity with LLMs, prompt engineering, or AI development tools | 3️⃣  Experience in TypeScript/JavaScript and React (used in our frontend IDE) | 4️⃣  Participation in Solana hackathons or contributions to key ecosystem tools |  | 📷  Apply: | Email: jp@codigo.ai (With your GitHub, resume, and anything else you’re proud of.) |  | 🚧  More Info: https://www.dejob.top/jobDetail?id=6086 |  | 👉 Website | Global Channel | Korean Channel | Discord | Support
970c832b646a63f0bda8dcfd6ceda898	36	@DeJob_Global_group	1	1	{6853}	61	MEDIUM	SOLANA_DEX_BOT_PROJECT	CLIENT	271177	865	https://t.me/DeJob_Global_group/4915	2025-09-29 07:28:38+00	2026-09-14 19:17:58.158906+00	LATIN_SCRIPT	#Recruitment | 🏡  Codigo    #AI  #Dev·Platform | 🐇  Introduction: | https://codigo.ai/ | A development platform that automates the development lifecycle, from code generation, testing, build, deployment, data, and security. |  | 🛵  #FullTime #Remote | 📚  #Solana·Developer #Engineering |  | 🌱  Responsibilities: | 1️⃣  Design and implement Solana programs using Anchor and Vanilla | 2️⃣  Develop and maintain reusable smart contract templates for key use cases (NFTs, DeFi, governance, etc.) | 3️⃣  C	#Recruitment | 🏡  Codigo    #AI  #Dev·Platform | 🐇  Introduction: | https://codigo.ai/ | A development platform that automates the development lifecycle, from code generation, testing, build, deployment, data, and security. |  | 🛵  #FullTime #Remote | 📚  #Solana·Developer #Engineering |  | 🌱  Responsibilities: | 1️⃣  Design and implement Solana programs using Anchor and Vanilla | 2️⃣  Develop and maintain reusable smart contract templates for key use cases (NFTs, DeFi, governance, etc.) | 3️⃣  Collaborate with our AI team to enable program synthesis, security validation, and runtime simulation | 4️⃣  Write robust unit and integration tests for all on-chain and off-chain components | 5️⃣  Review and refactor code to optimize for safety, performance, and clarity | 6️⃣  Stay up to date with Solana runtime changes, new SDKs, and ecosystem best practices | 7️⃣  Contribute to internal tooling for deploying, simulating, and debugging programs |  | 🌵  Requirements: | 1️⃣  2+ years of experience in Go (used for internal infra and backend services) | 2️⃣  1+ years of hands-on experience developing Solana programs, with strong proficiency in both Anchor and Vanilla | 3️⃣  Familiarity with Solana concepts like Accounts, PDAs, CPIs, Compute Units optimization, and runtime constraints | 4️⃣  Strong understanding of Solana program security and performance tradeoffs | 5️⃣  Comfort working in a fast-paced, collaborative, and remote-first environment | 6️⃣  Git proficiency and experience with modern dev workflows (testing, CI/CD, etc.) | 💡 Nice to Have | 1️⃣  Experience contributing to or maintaining open-source Solana projects | 2️⃣  Familiarity with LLMs, prompt engineering, or AI development tools | 3️⃣  Experience in TypeScript/JavaScript and React (used in our frontend IDE) | 4️⃣  Participation in Solana hackathons or contributions to key ecosystem tools |  | 📷  Apply: | Email: jp@codigo.ai (With your GitHub, resume, and anything else you’re proud of.) |  | 🚧  More Info: https://www.dejob.top/jobDetail?id=6086 |  | 👉 Website | Global Channel | Korean Channel | Discord | Support
07f547d5de9b7220b98cdcac89f155e2	67	@MEXCEnglish	1	1	{13170}	61	MEDIUM	SOLANA_DEX_BOT_PROJECT	CLIENT	5103205	975	https://t.me/MEXCEnglish/8361987	2026-02-15 14:53:28+00	2026-09-15 10:33:38.096868+00	LATIN_SCRIPT	1️⃣ Grayscale filed S-1 for AAVE ETF – What’s the benefit & future of AAVE? |  | If approved, an ETF for Aave would bring institutional exposure without investors needing to hold tokens directly. |  | Benefits: |  | More credibility & mainstream recognition |  | Potential institutional capital inflow |  | Increased liquidity |  | Stronger long-term demand |  | For the future, AAVE is one of the most established DeFi lending protocols. If DeFi continues growing and regulations become clearer, AAV	1️⃣ Grayscale filed S-1 for AAVE ETF – What’s the benefit & future of AAVE? |  | If approved, an ETF for Aave would bring institutional exposure without investors needing to hold tokens directly. |  | Benefits: |  | More credibility & mainstream recognition |  | Potential institutional capital inflow |  | Increased liquidity |  | Stronger long-term demand |  | For the future, AAVE is one of the most established DeFi lending protocols. If DeFi continues growing and regulations become clearer, AAVE could benefit massively from institutional adoption. |  | 2️⃣ Central banks buying 1,000+ tonnes of gold – What do they know? |  | Central banks are buying Gold because: |  | Hedge against inflation |  | Protection from currency devaluation |  | Geopolitical uncertainty |  | Reducing reliance on USD |  | They are preparing for long-term economic uncertainty. Gold remains the ultimate “safe haven” during global instability |  | 3️⃣ Why are companies choosing SOL over ETH? |  | Some companies prefer Solana over Ethereum because: |  | Lower transaction fees |  | Faster transaction speed |  | Better user experience for mass adoption apps |  | Solana is optimized for high throughput, which attracts projects focused on scalability. However, Ethereum still dominates in security, DeFi TVL, and ecosystem maturity. | 4️⃣ MEXC Experience & Suggestions |  | On MEXC, I expected: |  | Wide token listings |  | Good liquidity |  | Competitive fees |  | MEXC is strong in early token listings and futures trading. | Suggestions for improvement: |  | Better risk-control tools for beginners |  | More educational content |  | Stronger transparency on project vetting |  | Improved customer support speed | Overall, exchanges that focus on security, transparency, and user education will win long term | If you want, I can also make this shorter and more punchy for contest comments 🔥
9be252ca79eb24355bff7d36eb6e18ad	67	@MEXCEnglish	1	1	{46876}	61	MEDIUM	COPY_TRADING_PROJECT	CLIENT	5153646	977	https://t.me/MEXCEnglish/8288556	2026-01-24 08:37:03+00	2026-09-15 10:43:18.025853+00	LATIN_SCRIPT	1⃣ Bitcoin’s lack of a money printer creates a rules based monetary system where supply cannot be altered by political or economic pressure. This gives Bitcoin credibility as sound money and makes it attractive for people who want protection from reckless currency expansion. |  | 2⃣ When gold and silver reach new all time highs, it often reflects global uncertainty and a search for safety. This can indirectly benefit crypto by strengthening the scarcity narrative and encouraging investors to div	1⃣ Bitcoin’s lack of a money printer creates a rules based monetary system where supply cannot be altered by political or economic pressure. This gives Bitcoin credibility as sound money and makes it attractive for people who want protection from reckless currency expansion. |  | 2⃣ When gold and silver reach new all time highs, it often reflects global uncertainty and a search for safety. This can indirectly benefit crypto by strengthening the scarcity narrative and encouraging investors to diversify into digital assets alongside precious metals. |  | 3⃣ MEXC is appealing because of its fast token listings, access to emerging projects, competitive derivatives markets, copy trading features, and multiple earning options like staking and savings. It offers both high risk opportunities and tools for more strategic trading. |  | 4⃣ Ultra low Ethereum fees can improve user experience by making transactions cheaper and more accessible, while record contract deployments show strong developer interest. This can increase on chain activity, expand real world use cases, and gradually enhance Ethereum’s long term market relevance.
3a842e74a035579050cda66e2360f106	64	@BitgetENOfficial	1	1	{33672}	61	MEDIUM	SOLANA_DEX_BOT_PROJECT	CLIENT	4184197	963	https://t.me/BitgetENOfficial/9501192	2026-06-08 22:00:03+00	2026-09-15 07:42:54.237439+00	LATIN_SCRIPT	2️⃣ Altcoins on My Watchlist |  | Several projects are currently on my radar: |  | 🔹 Ethereum (ETH) – The backbone of the smart contract ecosystem with strong developer activity and growing institutional interest. |  | 🔹 Solana (SOL) – Continues to show strong ecosystem growth, increasing user activity, and impressive transaction throughput. |  | 🔹 Chainlink (LINK) – Plays a critical role in blockchain infrastructure through its oracle network and continues to expand real-world integrations.	2️⃣ Altcoins on My Watchlist |  | Several projects are currently on my radar: |  | 🔹 Ethereum (ETH) – The backbone of the smart contract ecosystem with strong developer activity and growing institutional interest. |  | 🔹 Solana (SOL) – Continues to show strong ecosystem growth, increasing user activity, and impressive transaction throughput. |  | 🔹 Chainlink (LINK) – Plays a critical role in blockchain infrastructure through its oracle network and continues to expand real-world integrations.
a50edfa9e6fe169d15ad2d4e0f637045	9	@solana_jobs	1	1	{4560}	61	MEDIUM	SOLANA_DEX_BOT_PROJECT	CLIENT	58768	402	https://t.me/solana_jobs/11601	2026-03-04 20:25:56+00	2026-09-14 18:39:24.962867+00	LATIN_SCRIPT	Hi everyone  | I’m a Senior Blockchain Engineer (8+ years) specializing in Solana, Rust, and DeFi infrastructure. |  | I’m currently open to new projects or long-term collaboration. |  | Core expertise | • Solana smart contracts (Rust / Anchor) | • DeFi protocols (vaults, staking, tokenomics, launchpads) | • SPL Token / Token-2022 / PDA architecture | • Liquidity & DEX integrations (Raydium, CLMM, AMMs) | • Multi-chain development (Solana / EVM / TON / TRON) | • Backend & Web3 integrations (Type	Hi everyone  | I’m a Senior Blockchain Engineer (8+ years) specializing in Solana, Rust, and DeFi infrastructure. |  | I’m currently open to new projects or long-term collaboration. |  | Core expertise | • Solana smart contracts (Rust / Anchor) | • DeFi protocols (vaults, staking, tokenomics, launchpads) | • SPL Token / Token-2022 / PDA architecture | • Liquidity & DEX integrations (Raydium, CLMM, AMMs) | • Multi-chain development (Solana / EVM / TON / TRON) | • Backend & Web3 integrations (TypeScript, Java, Node) |  | Recent work | • Solana asset-management vault system | • Multi-chain token launchpad (Solana + EVM + TRON) | • Telegram Mini Apps on TON | • RWA tokenization & staking protocols |  | If you're building on Solana and need a senior engineer, feel free to DM.
a5988b377e28aeb63808d84e3a537f36	67	@MEXCEnglish	1	1	{12047}	61	MEDIUM	COPY_TRADING_PROJECT	CLIENT	5094046	973	https://t.me/MEXCEnglish/8374458	2026-02-20 04:03:35+00	2026-09-15 10:31:55.470815+00	LATIN_SCRIPT	👌 MEXC copy trading is different from traditional trading because it allows users to automatically replicate the trades of experienced traders. In traditional trading, you must study charts, follow news and make all entry and exit decisions yourself, which requires time, skill and emotional discipline. Copy trading simplifies this process by letting users select traders based on performance history, risk level and trading style, and then automatically follow their trades. Users still control inv	👌 MEXC copy trading is different from traditional trading because it allows users to automatically replicate the trades of experienced traders. In traditional trading, you must study charts, follow news and make all entry and exit decisions yourself, which requires time, skill and emotional discipline. Copy trading simplifies this process by letting users select traders based on performance history, risk level and trading style, and then automatically follow their trades. Users still control investment size and risk settings, making it suitable for beginners who want guidance and for experienced traders who want to save time. |  | 👌 XRP has largely moved in line with Bitcoin’s recent volatility. Since BTC is the leading cryptocurrency, its price swings often influence the broader market, including altcoins like XRP. Sharp movements in Bitcoin tend to increase XRP’s short-term volatility. However, XRP can sometimes act independently if there are specific developments in the Ripple ecosystem, such as partnerships, legal updates or network improvements. This means XRP may outperform or underperform Bitcoin depending on project-specific news. |  | 👌 Silver could move below its current support level if bearish momentum strengthens. Factors such as rising interest rates, a stronger US dollar or weaker industrial demand can put downward pressure on prices. If the support breaks with strong selling volume, further downside is possible due to technical selling. On the other hand, buyers often step in at key support levels, which can stabilize silver or trigger a rebound. Monitoring economic data, global demand and market sentiment is important to anticipate potential price movements. |  | 👌 MEXC copy trading is exceptional because it combines automation, transparency and flexible risk control in one platform. Users can view detailed statistics on trader performance, including profit rates, risk levels and trading history, before deciding whom to follow. Trades are executed automatically in real time, which reduces emotional decision-making and saves time. The platform also allows diversification by copying multiple traders with different strategies, helping users spread risk while still benefiting from professional trading methods. This makes MEXC copy trading attractive for both beginners and experienced users seeking efficiency and guidance.
a83f971d5934dff47c00b414f6224984	17	@chronotech	1	1	{5364}	61	MEDIUM	SOLANA_DEX_BOT_PROJECT	CLIENT	65769	502	https://t.me/chronotech/561008	2025-12-16 06:03:27+00	2026-09-14 18:40:40.104024+00	LATIN_SCRIPT	Hi everyone! 🚀 |  | I'm Guihua Ke, an 8+ years Web3 smart contract engineer specializing in RWA tokenization, DeFi protocols, and DEX forks (Uniswap/PancakeSwap style). |  | Supported on 9+ chains: ETH, Solana, Arbitrum, Base, Polygon, Optimism, BSC, Avalanche, zkSync. |  | Delivered secure projects with vesting, compliance modules, audits prep, auto-buyback/burn, V3 LP, Aave yield & dividends. |  | Portfolio with live Arbitrum contracts, demo videos & pricing:	Hi everyone! 🚀 |  | I'm Guihua Ke, an 8+ years Web3 smart contract engineer specializing in RWA tokenization, DeFi protocols, and DEX forks (Uniswap/PancakeSwap style). |  | Supported on 9+ chains: ETH, Solana, Arbitrum, Base, Polygon, Optimism, BSC, Avalanche, zkSync. |  | Delivered secure projects with vesting, compliance modules, audits prep, auto-buyback/burn, V3 LP, Aave yield & dividends. |  | Portfolio with live Arbitrum contracts, demo videos & pricing:
bb78db293a4ce5e4245cd4f6677d250e	67	@MEXCEnglish	1	1	{12050}	61	MEDIUM	SOLANA_DEX_BOT_PROJECT	CLIENT	5077825	972	https://t.me/MEXCEnglish/8398803	2026-02-28 09:59:59+00	2026-09-15 10:28:57.666991+00	LATIN_SCRIPT	Ethereum continues to act as the backbone of the blockchain ecosystem, powering most stablecoins, DeFi protocols and smart contract applications. Its large developer community, strong network security and mature infrastructure make it central to blockchain innovation. Although newer blockchains like Solana, Avalanche and Binance Smart Chain offer faster transactions and lower fees, Ethereum’s network effect and widespread adoption maintain its foundational role. Many industry experts agree that 	Ethereum continues to act as the backbone of the blockchain ecosystem, powering most stablecoins, DeFi protocols and smart contract applications. Its large developer community, strong network security and mature infrastructure make it central to blockchain innovation. Although newer blockchains like Solana, Avalanche and Binance Smart Chain offer faster transactions and lower fees, Ethereum’s network effect and widespread adoption maintain its foundational role. Many industry experts agree that Ethereum will remain critical for decentralized finance and other blockchain-based applications in the foreseeable future
bc6a61ac4199247a79e344c0bc1c11d7	97	@WeexGlobalGroup_New	1	1	{171227}	61	MEDIUM	SOLANA_DEX_BOT_PROJECT	CLIENT	7789571	991	https://t.me/WeexGlobalGroup_New/61107	2025-12-30 12:22:14+00	2026-09-15 19:08:23.23803+00	LATIN_SCRIPT	Hey everyone , this is Vishal Tiwari , full stack web3 developer builds on both evm and solana  | looking to join team of builders in the space , previously worked at Black Trade and Sehsaa as a Smart contract Engineer | https://x.com/VishalT12094272 | here  i am	Hey everyone , this is Vishal Tiwari , full stack web3 developer builds on both evm and solana  | looking to join team of builders in the space , previously worked at Black Trade and Sehsaa as a Smart contract Engineer | https://x.com/VishalT12094272 | here  i am
35fd09af7841b4d037adc9f2008849d4	26	@blockchain_job	1	1	{6845}	61	MEDIUM	SOLANA_DEX_BOT_PROJECT	CLIENT	268986	784	https://t.me/blockchain_job/1838	2026-04-22 15:49:16+00	2026-09-14 19:17:34.068323+00	MIXED	#web3 #solidity #defi #smartcontracts #rust #безопасность #разработка | Ищу проекты в Web3, где могу усилить безопасность и логику протокола. |  | Я работаю как security-minded инженер: разрабатываю и анализирую смарт-контракты, думаю не только как разработчик, но и как атакующий. Помогаю находить слабые места в логике, edge-кейсы и сценарии, которые ломают систему в реальных условиях. |  | Могу: | — разрабатывать смарт-контракты (Solidity / EVM, Rust / Solana) | — усиливать текущие протоколы: н	#web3 #solidity #defi #smartcontracts #rust #безопасность #разработка | Ищу проекты в Web3, где могу усилить безопасность и логику протокола. |  | Я работаю как security-minded инженер: разрабатываю и анализирую смарт-контракты, думаю не только как разработчик, но и как атакующий. Помогаю находить слабые места в логике, edge-кейсы и сценарии, которые ломают систему в реальных условиях. |  | Могу: | — разрабатывать смарт-контракты (Solidity / EVM, Rust / Solana) | — усиливать текущие протоколы: находить уязвимости, дорабатывать логику, улучшать архитектуру | — покрывать код тестами (включая fuzzing и invariant testing, не только happy-path) | — проводить аудит и разбор безопасности | — помогать на уровне протокольной логики и системного дизайна |  | Работаю не только с DeFi, но и с продуктами на стыке Web3 (финансы, инфраструктура, токенизация и др.) |  | Бэкграунд в пентесте: понимаю, как ведёт себя система на уровне HTTP/API, сетевых взаимодействий и нестандартных сценариев. |  | Английский - технический (документация, коммуникация). |  | Открыт к full-time, контрактной и проектной работе. |  | Если у вас есть продукт в разработке или идея, которую нужно довести до надежного состояния - буду рад подключиться и усилить. |  | 📩 Telegram: @kode_n_rolla
034a36ced8d8b5865d8e35db5ab12bf1	70	@CoinExOfficialEN	1	1	{118238}	61	MEDIUM	COPY_TRADING_PROJECT	CLIENT	5461376	980	https://t.me/CoinExOfficialEN/1689621	2026-04-25 21:00:37+00	2026-09-15 11:43:46.545017+00	LATIN_SCRIPT	🎛️ The "Distributed Control System" (DCS) Sync | Feature: CoinEx Copy Trading | * The Process: Why manually calculate complex thermodynamic setpoints when you can sync your plant directly with the Chief Process Engineer? 🏆 | * The Engineering: Copy Trading is your direct DCS link to the pros. You don't need to master the "pressure-volume charts" (market analysis) yourself. Simply sync your controls with an elite "Lead Engineer." When they execute a highly profitable operational shift, your syste	🎛️ The "Distributed Control System" (DCS) Sync | Feature: CoinEx Copy Trading | * The Process: Why manually calculate complex thermodynamic setpoints when you can sync your plant directly with the Chief Process Engineer? 🏆 | * The Engineering: Copy Trading is your direct DCS link to the pros. You don't need to master the "pressure-volume charts" (market analysis) yourself. Simply sync your controls with an elite "Lead Engineer." When they execute a highly profitable operational shift, your system mirrors the exact same parameters for a perfect run. 🤝 | * The Yield: Professional precision. Hands-free operations. Optimal efficiency. | #coinexsavings #CoinExCopyTrading #ProcessControl #SmartInvesting
c4ccb81ef31cca198db792b3dec9727e	70	@CoinExOfficialEN	1	1	{118238}	61	MEDIUM	COPY_TRADING_PROJECT	CLIENT	5462859	981	https://t.me/CoinExOfficialEN/1687076	2026-04-23 11:32:35+00	2026-09-15 11:44:03.831794+00	LATIN_SCRIPT	🎧 The "Legendary-Producer" Mix | Feature: CoinEx Copy Trading | * The Session: Why spend years learning to mix from scratch when you can have a Grammy-winning producer handle your levels? 🏆 | * The Production: Copy Trading is your "Executive Producer" credit. You don't need to master the complex "equalizers" (market charts) yourself. Simply sync your studio with a "Lead Engineer." When they find a hit strategy, your account plays the same winning track automatically. 🤝 | * The Sound: Professiona	🎧 The "Legendary-Producer" Mix | Feature: CoinEx Copy Trading | * The Session: Why spend years learning to mix from scratch when you can have a Grammy-winning producer handle your levels? 🏆 | * The Production: Copy Trading is your "Executive Producer" credit. You don't need to master the complex "equalizers" (market charts) yourself. Simply sync your studio with a "Lead Engineer." When they find a hit strategy, your account plays the same winning track automatically. 🤝 | * The Sound: Professional mixing. Hands-free hits. Chart-topping results. | #coinexsavings #CoinExCopyTrading #AudioMastery #SmartInvesting
cceb8ca9dfc0c520f70d5aca0154d81e	67	@MEXCEnglish	1	1	{12048}	61	MEDIUM	SOLANA_DEX_BOT_PROJECT	CLIENT	5077764	970	https://t.me/MEXCEnglish/8398883	2026-02-28 10:11:15+00	2026-09-15 10:28:56.825499+00	LATIN_SCRIPT	Ethereum continues to act as the backbone of the blockchain ecosystem, powering the majority of stablecoins, decentralized finance (DeFi) protocols and smart contract based applications. Its large developer community, robust network security and established infrastructure create strong network effects that are difficult for newer blockchains to replicate. While Layer 1 alternatives like Solana, Avalanche and Binance Smart Chain offer faster transactions and lower fees, Ethereum remains the found	Ethereum continues to act as the backbone of the blockchain ecosystem, powering the majority of stablecoins, decentralized finance (DeFi) protocols and smart contract based applications. Its large developer community, robust network security and established infrastructure create strong network effects that are difficult for newer blockchains to replicate. While Layer 1 alternatives like Solana, Avalanche and Binance Smart Chain offer faster transactions and lower fees, Ethereum remains the foundational layer for many applications and projects. Many industry experts believe that Ethereum will maintain its central role, particularly as Ethereum 2.0 and other scaling solutions improve capacity, reduce fees and enhance network efficiency
2b357bb259fec44ab5eee0bc9f8d5de9	9	@solana_jobs	1	1	{4548}	61	MEDIUM	SOLANA_DEX_BOT_PROJECT	CLIENT	58538	382	https://t.me/solana_jobs/12785	2026-07-16 19:01:08+00	2026-09-14 18:39:19.903903+00	LATIN_SCRIPT	Available for Web3 development work. |  | I'm a full-stack Web3 developer with experience in: |  | - Solana applications | - EVM smart contracts | - Pump.fun-style token launchpad | - DApp frontend/backend | - Blockchain integrations |  | Open to: | - Short-term fixes | - MVP development | - Smart contract review | - Full-stack Web3 projects |  | Portfolio: | https://github.com/Whitehare2023 |  | DM me if you need a developer.	Available for Web3 development work. |  | I'm a full-stack Web3 developer with experience in: |  | - Solana applications | - EVM smart contracts | - Pump.fun-style token launchpad | - DApp frontend/backend | - Blockchain integrations |  | Open to: | - Short-term fixes | - MVP development | - Smart contract review | - Full-stack Web3 projects |  | Portfolio: | https://github.com/Whitehare2023 |  | DM me if you need a developer.
d7d1f21b6bf8ab6a99b40a193e162763	57	@BybitEnglish	1	1	{44347}	61	MEDIUM	SOLANA_DEX_BOT_PROJECT	CLIENT	838389	944	https://t.me/BybitEnglish/4466901	2026-07-17 06:31:59+00	2026-09-14 21:27:09.856391+00	LATIN_SCRIPT	A crypto portfolio built by a risk-averse billionaire would likely focus on stability, established cryptocurrencies, and long-term growth. It might include: |  | 1. Bitcoin (BTC) - As the largest and most recognized cryptocurrency, it serves as a digital gold. | 2. Ethereum (ETH) - Known for its smart contract capabilities and strong developer community. | 3. Stablecoins (e.g., USDC, USDT) - To maintain liquidity and reduce volatility. | 4. Blue-chip altcoins - Such as Binance Coin (BNB) and Car	A crypto portfolio built by a risk-averse billionaire would likely focus on stability, established cryptocurrencies, and long-term growth. It might include: |  | 1. Bitcoin (BTC) - As the largest and most recognized cryptocurrency, it serves as a digital gold. | 2. Ethereum (ETH) - Known for its smart contract capabilities and strong developer community. | 3. Stablecoins (e.g., USDC, USDT) - To maintain liquidity and reduce volatility. | 4. Blue-chip altcoins - Such as Binance Coin (BNB) and Cardano (ADA) for diversification. | 5. DeFi and staking assets - For generating passive income while maintaining a conservative approach. |  | In contrast, a portfolio built by a 20-year-old risk-taker would likely be more aggressive, focusing on high-growth potential and emerging projects. It might include: |  | 1. High-volatility altcoins - Such as Solana (SOL), Polkadot (DOT), and meme coins like Dogecoin (DOGE). | 2. DeFi tokens - Like Uniswap (UNI) and Aave (AAVE) for exposure to decentralized finance. | 3. NFT-related tokens - Such as Axie Infinity (AXS) or Decentraland (MANA) for speculative investments. | 4. Emerging projects - New tokens with potential for rapid growth, even if they come with higher risk. | 5. Leverage trading - Utilizing margin trading to amplify potential returns. |  | In summary, the billionaire's portfolio would prioritize stability and established assets, while the young risk-taker's portfolio would focus on high-risk, high-reward opportunities. |  | Risk Disclosure: Predictions are for reference only, not investment advice. Investing involves risks; please make decisions cautiously.For any inquiries about Bybit's products and services, please contact Bybit Help Center or Bybit Customer Service.
2b2b4a0027d20cc252d20d74ab95623b	9	@solana_jobs	1	1	{4105}	61	MEDIUM	SOLANA_DEX_BOT_PROJECT	CLIENT	58701	392	https://t.me/solana_jobs/11934	2026-04-22 18:18:39+00	2026-09-14 18:39:23.021253+00	LATIN_SCRIPT	Hi everyone  | I’m a Senior Blockchain Engineer (5+ years) specializing in Solana, Rust, and DeFi infrastructure. |  | I’m currently open to new projects or long-term collaboration. |  | Core expertise | • Solana smart contracts (Rust / Anchor) | • DeFi protocols (vaults, staking, tokenomics, launchpads) | • SPL Token / Token-2022 / PDA architecture | • Liquidity & DEX integrations (Raydium, CLMM, AMMs) | • Multi-chain development (Solana) | • Backend & Web3 integrations (TypeScript, Java, Node)	Hi everyone  | I’m a Senior Blockchain Engineer (5+ years) specializing in Solana, Rust, and DeFi infrastructure. |  | I’m currently open to new projects or long-term collaboration. |  | Core expertise | • Solana smart contracts (Rust / Anchor) | • DeFi protocols (vaults, staking, tokenomics, launchpads) | • SPL Token / Token-2022 / PDA architecture | • Liquidity & DEX integrations (Raydium, CLMM, AMMs) | • Multi-chain development (Solana) | • Backend & Web3 integrations (TypeScript, Java, Node) |  | Recent work | • Solana asset-management vault system | • Multi-chain token launchpad (Solana) |  | • RWA tokenization & staking protocols |  | If you're building on Solana and need a senior engineer, feel free to DM.
dce00a2cc557735bd81c1b0e26ec026c	67	@MEXCEnglish	1	1	{12060}	61	MEDIUM	SOLANA_DEX_BOT_PROJECT	CLIENT	5068910	969	https://t.me/MEXCEnglish/8411351	2026-03-04 13:22:48+00	2026-09-15 10:27:16.857694+00	LATIN_SCRIPT	$TON has been gaining a lot of attention recently due to its growing ecosystem and active developer community. Many projects are now being built on it, including DeFi apps, NFTs and payment solutions. The network is attractive because of its fast transactions and low fees. If adoption continues to grow and real-world use cases increase, $TON could see strong growth over time. However, competition is high with Ethereum, Solana and other blockchains so success will depend on project execution, par	$TON has been gaining a lot of attention recently due to its growing ecosystem and active developer community. Many projects are now being built on it, including DeFi apps, NFTs and payment solutions. The network is attractive because of its fast transactions and low fees. If adoption continues to grow and real-world use cases increase, $TON could see strong growth over time. However, competition is high with Ethereum, Solana and other blockchains so success will depend on project execution, partnerships and community support.
2b28c2ab22a51cd7c083180bb9c8640b	61	@KuCoin_Exchange	1	1	{85551}	61	MEDIUM	SOLANA_DEX_BOT_PROJECT	CLIENT	3004471	957	https://t.me/Kucoin_Exchange/11605504	2025-10-19 08:13:38+00	2026-09-15 04:07:15.398527+00	LATIN_SCRIPT	🔥💸 Totally on board with the enthusiasm! 📈 Ethereum and Solana are indeed solid choices, especially with their strong DeFi and smart contract foundations. AI-focused tokens and cross-chain projects do have potential for growth. |  | As for strategy, riding the wave and monitoring momentum can be a great approach. Some traders prefer established players, while others enjoy hunting for hidden gems. |  | Some other exchanges worth considering are: | - *Kraken*: Known for security and stability. | -	🔥💸 Totally on board with the enthusiasm! 📈 Ethereum and Solana are indeed solid choices, especially with their strong DeFi and smart contract foundations. AI-focused tokens and cross-chain projects do have potential for growth. |  | As for strategy, riding the wave and monitoring momentum can be a great approach. Some traders prefer established players, while others enjoy hunting for hidden gems. |  | Some other exchanges worth considering are: | - *Kraken*: Known for security and stability. | - *FTX*: Offers advanced trading features and products. | - *Huobi*: Popular in Asia, with a wide range of trading pairs. |  | What about you? Got any favorite exchanges or trading strategies? Let's keep the crypto conversation going!
28cf1e9df81158808a772e2edb872ed5	67	@MEXCEnglish	1	1	{12049}	61	MEDIUM	SOLANA_DEX_BOT_PROJECT	CLIENT	5077798	971	https://t.me/MEXCEnglish/8398844	2026-02-28 10:05:52+00	2026-09-15 10:28:56.965139+00	LATIN_SCRIPT	Ethereum remains a central pillar of the blockchain ecosystem. It powers the majority of stablecoins, most decentralized finance (DeFi) protocols and countless smart contract-based applications. Its large developer community, proven network security and established infrastructure make it extremely difficult to replace. While emerging blockchains like Solana, Binance Smart Chain and Avalanche offer faster speeds and lower transaction fees, Ethereum’s network effect and long standing adoption main	Ethereum remains a central pillar of the blockchain ecosystem. It powers the majority of stablecoins, most decentralized finance (DeFi) protocols and countless smart contract-based applications. Its large developer community, proven network security and established infrastructure make it extremely difficult to replace. While emerging blockchains like Solana, Binance Smart Chain and Avalanche offer faster speeds and lower transaction fees, Ethereum’s network effect and long standing adoption maintain its role as a foundational layer. Many industry experts view it as essential for DeFi and blockchain innovation and its position is likely to remain strong as Ethereum 2.0 and other scaling solutions improve performance and capacity
281d506e3bf7b830a6b0b33517ee7c30	67	@MEXCEnglish	1	1	{12060}	61	MEDIUM	SOLANA_DEX_BOT_PROJECT	CLIENT	5008945	968	https://t.me/MEXCEnglish/8494339	2026-04-03 03:46:54+00	2026-09-15 10:16:28.364631+00	LATIN_SCRIPT	1️⃣ $TRX continues to dominate in stablecoin transfers, especially USDT usage, which gives it strong real world utility. However to reach top 5 it would need to surpass ecosystems like Solana or BNB, which have much larger DeFi and developer activity. Without a major narrative shift or institutional adoption, TRX may grow steadily but breaking top 5 remains challenging in 2026	1️⃣ $TRX continues to dominate in stablecoin transfers, especially USDT usage, which gives it strong real world utility. However to reach top 5 it would need to surpass ecosystems like Solana or BNB, which have much larger DeFi and developer activity. Without a major narrative shift or institutional adoption, TRX may grow steadily but breaking top 5 remains challenging in 2026
eb2dda92d788c9f36c9c96ae2f01173f	61	@KuCoin_Exchange	1	1	{82949}	61	MEDIUM	SOLANA_DEX_BOT_PROJECT	CLIENT	3004600	959	https://t.me/Kucoin_Exchange/11605319	2025-10-19 07:51:33+00	2026-09-15 04:07:16.596952+00	LATIN_SCRIPT	🔥💸 Word, KuCoin's the spot! 📈 I'm keeping an eye on coins with strong fundamentals and potential for growth. Currently, I'm intrigued by Ethereum and Solana for their DeFi and smart contract dominance. AI-focused tokens and cross-chain projects also show promise. What's your play? 🤔 Are you into established players or hunting for hidden gems? 🚀💰 |  | Some top altcoin exchanges to consider are ¹ ²: | - *Binance*: Overall best altcoin exchange with 350+ popular altcoins and low fees starting at 0.	🔥💸 Word, KuCoin's the spot! 📈 I'm keeping an eye on coins with strong fundamentals and potential for growth. Currently, I'm intrigued by Ethereum and Solana for their DeFi and smart contract dominance. AI-focused tokens and cross-chain projects also show promise. What's your play? 🤔 Are you into established players or hunting for hidden gems? 🚀💰 |  | Some top altcoin exchanges to consider are ¹ ²: | - *Binance*: Overall best altcoin exchange with 350+ popular altcoins and low fees starting at 0.1%. | - *KuCoin*: Best for beginners with 700+ altcoins, low fees, and a user-friendly platform. | - *Bybit*: Best for altcoin derivatives trading with high leverage options. | - *Coinbase*: Best for beginners in the US with a user-friendly interface and strong security. |  | Let's ride the crypto wave together! 🌊💥
f02e75f0f194c5e0e94b76e9c1e2ad59	67	@MEXCEnglish	1	1	{46884}	61	MEDIUM	COPY_TRADING_PROJECT	CLIENT	5153559	976	https://t.me/MEXCEnglish/8288656	2026-01-24 09:13:23+00	2026-09-15 10:43:17.321888+00	LATIN_SCRIPT	1⃣ Bitcoin’s fixed supply gives it a unique advantage as a non inflationary asset, making it appealing for those who want a store of value outside traditional financial systems and central bank influence. |  | 2⃣ Gold and silver reaching fresh record levels can highlight rising demand for safe assets, which may encourage some investors to shift attention toward crypto as a digital alternative with long term scarcity value. |  | 3⃣ MEXC is notable for listing new projects early, offering high lev	1⃣ Bitcoin’s fixed supply gives it a unique advantage as a non inflationary asset, making it appealing for those who want a store of value outside traditional financial systems and central bank influence. |  | 2⃣ Gold and silver reaching fresh record levels can highlight rising demand for safe assets, which may encourage some investors to shift attention toward crypto as a digital alternative with long term scarcity value. |  | 3⃣ MEXC is notable for listing new projects early, offering high leverage derivatives, supporting copy trading, providing staking and savings products, and creating opportunities to access emerging crypto trends before wider adoption. |  | 4⃣ Extremely low Ethereum fees can improve accessibility and transaction efficiency, while record contract deployments suggest rising developer activity, stronger ecosystem expansion, increased network usage, and potential positive shifts in ETH market sentiment.
f3b640aede5b9f5048718038ce96fd99	90	@LBank_en	1	1	{144135}	61	MEDIUM	COPY_TRADING_PROJECT	CLIENT	6154756	990	https://t.me/LBank_en/6665187	2025-12-12 19:34:00+00	2026-09-15 14:02:32.903227+00	LATIN_SCRIPT	I consider LBank's instant trading platform my go-to, as it allows me to control my trades quickly and clearly. I appreciate its simplicity, especially when I want to buy or sell directly without any complications. |  | The copy trading feature is incredibly helpful when I'm busy or don't have time to monitor the market, as it allows me to emulate professional traders and learn from their strategies step by step. |  | However, my favorite feature is trading Bitcoin futures with leverage. It give	I consider LBank's instant trading platform my go-to, as it allows me to control my trades quickly and clearly. I appreciate its simplicity, especially when I want to buy or sell directly without any complications. |  | The copy trading feature is incredibly helpful when I'm busy or don't have time to monitor the market, as it allows me to emulate professional traders and learn from their strategies step by step. |  | However, my favorite feature is trading Bitcoin futures with leverage. It gives me a greater opportunity to profit, even with a small initial investment. I like leverage because it amplifies the power of the trade and allows me to capitalize on market movements, whether upward or downward. While it does involve risk, when I analyze the market properly and set stop-loss orders, I feel it provides greater control and flexibility in trading. For me, it's the platform's strongest feature. ( #LBankTalkDay3 )
18793c0a0878fd271d248dda607b94e8	61	@KuCoin_Exchange	1	1	{75900}	61	MEDIUM	SOLANA_DEX_BOT_PROJECT	CLIENT	3004486	958	https://t.me/Kucoin_Exchange/11605485	2025-10-19 08:11:49+00	2026-09-15 04:07:15.457377+00	LATIN_SCRIPT	🔥💸 Yo, KuCoin's the spot, you're totally right! 📈 Keeping an eye on Ethereum and Solana for their DeFi and smart contract game – solid move! AI-focused tokens and cross-chain projects do have that promise vibe. |  | 🤔 My play? Just riding the wave, watching the charts 📊, seeing where the momentum's at. You into established players or hunting hidden gems? |  | 💰🚀 Talking altcoin exchanges, you nailed it with Binance, KuCoin, Bybit, Coinbase – all solid spots. Any other exchanges you're scouting o	🔥💸 Yo, KuCoin's the spot, you're totally right! 📈 Keeping an eye on Ethereum and Solana for their DeFi and smart contract game – solid move! AI-focused tokens and cross-chain projects do have that promise vibe. |  | 🤔 My play? Just riding the wave, watching the charts 📊, seeing where the momentum's at. You into established players or hunting hidden gems? |  | 💰🚀 Talking altcoin exchanges, you nailed it with Binance, KuCoin, Bybit, Coinbase – all solid spots. Any other exchanges you're scouting or wanna compare? Let's keep this crypto convo going! 🌊💥
6bc3b593ff159afb9ec89c31fe2b631a	67	@MEXCEnglish	1	1	{12059}	61	MEDIUM	SOLANA_DEX_BOT_PROJECT	CLIENT	5008941	967	https://t.me/MEXCEnglish/8494344	2026-04-03 03:50:35+00	2026-09-15 10:16:28.345606+00	LATIN_SCRIPT	$TRX has a strong position in the crypto market mainly because of its dominance in stablecoin transactions and low cost transfers. It processes a huge portion of USDT activity globally, which gives it real utility. However entering the top 5 is still a tough challenge because it would need to surpass major players like Ethereum and Solana, which have stronger ecosystems and developer activity. $TRX has growth potential but realistically it is more likely to stay within the top 10-15 unless there	$TRX has a strong position in the crypto market mainly because of its dominance in stablecoin transactions and low cost transfers. It processes a huge portion of USDT activity globally, which gives it real utility. However entering the top 5 is still a tough challenge because it would need to surpass major players like Ethereum and Solana, which have stronger ecosystems and developer activity. $TRX has growth potential but realistically it is more likely to stay within the top 10-15 unless there is a major shift in market trends
5c96d05830ddb98ff54a4600d5c5366c	70	@CoinExOfficialEN	1	1	{47013}	61	MEDIUM	SOLANA_DEX_BOT_PROJECT	CLIENT	5452255	979	https://t.me/CoinExOfficialEN/1708986	2026-05-15 07:32:19+00	2026-09-15 11:42:05.189166+00	LATIN_SCRIPT	Smart Contracts | Headline: AlphaSwap AI Demo Surpasses 3,000 Active Users |  • The News: The AlphaSwap AI-powered DEX has successfully launched its smart contract demo, providing safer on-chain trading. |  • Audit: The project completed a 10/10 BlockSAFU security audit, proving the reliability of its "validated" contract architecture. #SmartContracts #DeFi #DEX #CryptoAudit #AI	Smart Contracts | Headline: AlphaSwap AI Demo Surpasses 3,000 Active Users |  • The News: The AlphaSwap AI-powered DEX has successfully launched its smart contract demo, providing safer on-chain trading. |  • Audit: The project completed a 10/10 BlockSAFU security audit, proving the reliability of its "validated" contract architecture. #SmartContracts #DeFi #DEX #CryptoAudit #AI
